Workbook

Sheet CTRL Condition
B1: 5x [um/Pxl] | C1: 1.2107986
B3: Shell (S) metrics obtained by image analysis. All data are reported in pixel. Images were acquired by using 5x optic. | M3: Necrotic core metrics obtained by image analysis. All data are reported in pixel. Images were acquired by using 5x optic.
B5: Obj 1 - S | C5: [Pixel] | M5: Obj 1 - C
B6: t [h] | C6: Area | D6: Angle | E6: Axis (major) | F6: Axis (minor) | G6: Diameter (max) | H6: Diameter (min) | I6: Diameter (mean) | J6: Center-X (mass) | K6: Center-Y (mass) | M6: t [h] | N6: Area | O6: Angle | P6: Axis (major) | Q6: Axis (minor) | R6: Diameter (max) | S6: Diameter (min) | T6: Diameter (mean) | U6: Center-X (mass) | V6: Center-Y (mass)
B7: 0 | C7: 25785 | D7: 1.029098 | E7: 195.8702 | F7: 167.9211 | G7: 199.6722 | H7: 162.1172 | I7: 179.8106 | J7: 606.125 | K7: 524.8304 | M7: 0 | N7: 7529 | O7: 12.26113 | P7: 102.4659 | Q7: 93.84816 | R7: 103.465 | S7: 88.75246 | T7: 96.75277 | U7: 622.1921 | V7: 534.6331
B8: 12 | C8: 30053 | D8: 39.70149 | E8: 201.5093 | F8: 190.1139 | G8: 204.1299 | H8: 182.6499 | I8: 194.4745 | J8: 615.4463 | K8: 510.14 | M8: 12 | N8: 11740 | O8: 52.07898 | P8: 132.3478 | Q8: 113.842 | R8: 134.5288 | S8: 106.4706 | T8: 120.7384 | U8: 638.0528 | V8: 510.9306
B9: 24 | C9: 47097 | D9: 40.15839 | E9: 251.7613 | F9: 238.6466 | G9: 255.7381 | H9: 227.3785 | I9: 243.4996 | J9: 609.1265 | K9: 502.686 | M9: 24 | N9: 12599 | O9: 58.36171 | P9: 143.7013 | Q9: 112.5091 | R9: 145 | S9: 103.2473 | T9: 124.8216 | U9: 647.0173 | V9: 504.9525
B10: 36 | C10: 44587 | D10: 23.56577 | E10: 242.9568 | F10: 234.0676 | G10: 249.5055 | H10: 226.3184 | I10: 237.1875 | J10: 608.6965 | K10: 502.1749 | M10: 36 | N10: 11303 | O10: 128.7799 | P10: 124.9443 | Q10: 117.0154 | R10: 132.3783 | S10: 100.7025 | T10: 118.4823 | U10: 642.1384 | V10: 502.7559
B11: 48 | C11: 44511 | D11: 20.2101 | E11: 241.949 | F11: 234.5203 | G11: 250.2818 | H11: 226.3736 | I11: 236.8356 | J11: 611.0491 | K11: 505.6545 | M11: 48 | N11: 12456 | O11: 111.0739 | P11: 139.7553 | Q11: 115.2211 | R11: 148.125 | S11: 97.94386 | T11: 123.8274 | U11: 639.4628 | V11: 515.3036
B13: Obj 2 - S | M13: Obj 2 - C
B14: t [h] | C14: Area | D14: Angle | E14: Axis (major) | F14: Axis (minor) | G14: Diameter (max) | H14: Diameter (min) | I14: Diameter (mean) | J14: Center-X (mass) | K14: Center-Y (mass) | M14: t [h] | N14: Area | O14: Angle | P14: Axis (major) | Q14: Axis (minor) | R14: Diameter (max) | S14: Diameter (min) | T14: Diameter (mean) | U14: Center-X (mass) | V14: Center-Y (mass)
B15: 0 | C15: 16740 | D15: 83.32138 | E15: 169.0074 | F15: 127.3034 | G15: 179.0447 | H15: 119.5073 | I15: 143.8957 | J15: 622.8181 | K15: 532.0796 | M15: 0 | N15: 2941 | O15: 89.64213 | P15: 74.11264 | Q15: 51.70871 | R15: 75.42546 | S15: 42.37924 | T15: 59.22306 | U15: 607.8234 | V15: 534.6249
B16: 12 | C16: 20308 | D16: 87.23871 | E16: 181.1751 | F16: 143.3601 | G16: 181.1767 | H16: 137.0036 | I16: 158.922 | J16: 624.6678 | K16: 525.6749 | M16: 12 | N16: 5024 | O16: 87.31789 | P16: 97.57502 | Q16: 67.01514 | R16: 98.0051 | S16: 54.12024 | T16: 77.7945 | U16: 624.0989 | V16: 515.5736
B17: 24 | C17: 32896 | D17: 85.39737 | E17: 224.8772 | F17: 186.8901 | G17: 224.4037 | H17: 173.3494 | I17: 202.9105 | J17: 630.6049 | K17: 526.4832 | M17: 24 | N17: 6952 | O17: 79.32869 | P17: 110.5941 | Q17: 81.149 | R17: 110.4536 | S17: 71.5891 | T17: 92.06947 | U17: 623.4183 | V17: 535.0903
B18: 36 | C18: 30653 | D18: 88.40385 | E18: 219.0262 | F18: 178.9826 | G18: 221 | H18: 168.0744 | I18: 195.8334 | J18: 626.9907 | K18: 526.1693 | M18: 36 | N18: 6960 | O18: 90.93754 | P18: 105.0685 | Q18: 86.10464 | R18: 115.7325 | S18: 76.6942 | T18: 92.40636 | U18: 613.4111 | V18: 530.2001
B19: 48 | C19: 36936 | D19: 88.60336 | E19: 239.9115 | F19: 196.6481 | G19: 241.6278 | H19: 183.7879 | I19: 215.0543 | J19: 631.4055 | K19: 530.9725 | M19: 48 | N19: 10507 | O19: 85.61722 | P19: 127.7378 | Q19: 105.4688 | R19: 133.7348 | S19: 95.88013 | T19: 114.1145 | U19: 622.4531 | V19: 533.2307
B21: Obj 3 - S | M21: Obj 3 - C
B22: t [h] | C22: Area | D22: Angle | E22: Axis (major) | F22: Axis (minor) | G22: Diameter (max) | H22: Diameter (min) | I22: Diameter (mean) | J22: Center-X (mass) | K22: Center-Y (mass) | M22: t [h] | N22: Area | O22: Angle | P22: Axis (major) | Q22: Axis (minor) | R22: Diameter (max) | S22: Diameter (min) | T22: Diameter (mean) | U22: Center-X (mass) | V22: Center-Y (mass)
B23: 0 | C23: 33046 | D23: 80.82194 | E23: 214.1209 | F23: 196.7696 | G23: 219.6588 | H23: 189.3198 | I23: 203.8752 | J23: 620.0119 | K23: 572.6424 | M23: 0 | N23: 10933 | O23: 99.79592 | P23: 132.7527 | Q23: 105.1322 | R23: 134.2386 | S23: 102.0441 | T23: 116.4375 | U23: 624.018 | V23: 551.7036
B24: 12 | C24: 41672 | D24: 85.38141 | E24: 239.7202 | F24: 221.5842 | G24: 246.0772 | H24: 216.0579 | I24: 229.2722 | J24: 627.3962 | K24: 569.0768 | M24: 12 | N24: 13702 | O24: 64.86569 | P24: 147.6117 | Q24: 119.1967 | R24: 152.0855 | S24: 114.0395 | T24: 130.3722 | U24: 617.7689 | V24: 547.1306
B25: 24 | C25: 70236 | D25: 103.1568 | E25: 309.5328 | F25: 289.6225 | G25: 323.0139 | H25: 283.0865 | I25: 297.5695 | J25: 629.0297 | K25: 563.8595 | M25: 24 | N25: 19459 | O25: 92.4667 | P25: 169.7988 | Q25: 146.7655 | R25: 173.7383 | S25: 138.2353 | T25: 156.0903 | U25: 616.8812 | V25: 535.5291
B26: 36 | C26: 61780 | D26: 93.86146 | E26: 289.9427 | F26: 271.7295 | G26: 297.2709 | H26: 264.8773 | I26: 279.2596 | J26: 627.5295 | K26: 567.7821 | M26: 36 | N26: 19002 | O26: 96.73819 | P26: 166.538 | Q26: 145.6987 | R26: 168.003 | S26: 141.6757 | T26: 154.3307 | U26: 626.0107 | V26: 542.6338
B27: 48 | C27: 62424 | D27: 88.72133 | E27: 296.8352 | F27: 268.1486 | G27: 302.9142 | H27: 256.4625 | I27: 280.6642 | J27: 629.3485 | K27: 573.4486 | M27: 48 | N27: 15449 | O27: 137.8798 | P27: 150.1677 | Q27: 131.4698 | R27: 155.5956 | S27: 125.6702 | T27: 138.8569 | U27: 619.2162 | V27: 535.9481
B29: Obj 4 - S | M29: Obj 4 - C
B30: t [h] | C30: Area | D30: Angle | E30: Axis (major) | F30: Axis (minor) | G30: Diameter (max) | H30: Diameter (min) | I30: Diameter (mean) | J30: Center-X (mass) | K30: Center-Y (mass) | M30: t [h] | N30: Area | O30: Angle | P30: Axis (major) | Q30: Axis (minor) | R30: Diameter (max) | S30: Diameter (min) | T30: Diameter (mean) | U30: Center-X (mass) | V30: Center-Y (mass)
B31: 0 | C31: 24195 | D31: 77.00549 | E31: 195.3141 | F31: 161.0158 | G31: 223.9732 | H31: 149.5627 | I31: 173.4771 | J31: 661.5823 | K31: 566.3793 | M31: 0 | N31: 7916 | O31: 57.68828 | P31: 104.1581 | Q31: 97.19669 | R31: 107.4895 | S31: 85.86617 | T31: 99.24673 | U31: 663.3047 | V31: 566.6304
B32: 12 | C32: 38892 | D32: 96.61675 | E32: 231.3088 | F32: 216.5841 | G32: 250.06 | H32: 202.4846 | I32: 220.8973 | J32: 665.0229 | K32: 556.046 | M32: 12 | N32: 11484 | O32: 12.27717 | P32: 123.8728 | Q32: 118.5964 | R32: 127.9414 | S32: 107.28 | T32: 119.6692 | U32: 646.1299 | V32: 552.4354
B33: 24 | C33: 55345 | D33: 23.33454 | E33: 271.287 | F33: 260.4806 | G33: 279.589 | H33: 238.0525 | I33: 264.1708 | J33: 660.8389 | K33: 559.8998 | M33: 24 | N33: 12947 | O33: 106.1722 | P33: 135.3866 | Q33: 122.4965 | R33: 143.1363 | S33: 115.434 | T33: 127.139 | U33: 634.7261 | V33: 553.1913
B34: 36 | C34: 55803 | D34: 31.40959 | E34: 273.4048 | F34: 260.4366 | G34: 277.5968 | H34: 248.6524 | I34: 265.331 | J34: 661.0292 | K34: 561.0831 | M34: 36 | N34: 10968 | O34: 122.0126 | P34: 120.5705 | Q34: 116.4092 | R34: 126.8109 | S34: 106.8878 | T34: 116.9982 | U34: 640.4419 | V34: 565.1287
B35: 48 | C35: 53939 | D35: 17.45797 | E35: 266.0623 | F35: 258.6896 | G35: 275.4088 | H35: 243.0514 | I35: 260.6454 | J35: 660.6329 | K35: 565.9924 | M35: 48 | N35: 10913 | O35: 16.24243 | P35: 123.3165 | Q35: 113.5957 | R35: 127.8828 | S35: 103.6195 | T35: 116.5551 | U35: 649.9193 | V35: 558.2543
B37: Obj 5 - S | M37: Obj 5 - C
B38: t [h] | C38: Area | D38: Angle | E38: Axis (major) | F38: Axis (minor) | G38: Diameter (max) | H38: Diameter (min) | I38: Diameter (mean) | J38: Center-X (mass) | K38: Center-Y (mass) | M38: t [h] | N38: Area | O38: Angle | P38: Axis (major) | Q38: Axis (minor) | R38: Diameter (max) | S38: Diameter (min) | T38: Diameter (mean) | U38: Center-X (mass) | V38: Center-Y (mass)
B39: 0 | C39: 24881 | D39: 82.96665 | E39: 186.1781 | F39: 170.3181 | G39: 190.8009 | H39: 166.3731 | I39: 176.8661 | J39: 688.6409 | K39: 488.4382 | M39: 0 | N39: 6044 | O39: 59.63981 | P39: 92.14108 | Q39: 84.21376 | R39: 95.60335 | S39: 77.93587 | T39: 86.68526 | U39: 686.1249 | V39: 475.3094
B40: 12 | C40: 44426 | D40: 176.6848 | E40: 247.0689 | F40: 229.6231 | G40: 257.4102 | H40: 220.4926 | I40: 236.7908 | J40: 693.5169 | K40: 484.2892 | M40: 12 | N40: 9644 | O40: 179.0458 | P40: 116.5865 | Q40: 106.0462 | R40: 120.9297 | S40: 99.32271 | T40: 109.5543 | U40: 709.5001 | V40: 467.4304
B41: 24 | C41: 62516 | D41: 172.3416 | E41: 292.4232 | F41: 272.9903 | G41: 301.0067 | H41: 258.5208 | I41: 280.6753 | J41: 697.2657 | K41: 488.729 | M41: 24 | N41: 17070 | O41: 124.2539 | P41: 153.7107 | Q41: 141.8646 | R41: 159.0503 | S41: 136.4185 | T41: 146.2822 | U41: 713.1696 | V41: 474.8893
B42: 36 | C42: 57683 | D42: 172.7933 | E42: 275.8039 | F42: 266.8501 | G42: 283.8045 | H42: 256.4703 | I42: 269.5853 | J42: 694.073 | K42: 486.57 | M42: 36 | N42: 15215 | O42: 58.55204 | P42: 152.5329 | Q42: 127.8285 | R42: 164.6572 | S42: 121.4949 | T42: 137.7312 | U42: 707.7814 | V42: 483.5951
B43: 48 | C43: 54466 | D43: 173.9971 | E43: 270.1801 | F43: 257.1403 | G43: 278.1259 | H43: 248.8453 | I43: 262.0717 | J43: 693.9377 | K43: 489.4105 | M43: 48 | N43: 17324 | O43: 108.8059 | P43: 157.5998 | Q43: 140.366 | R43: 161.9691 | S43: 135.2997 | T43: 147.3363 | U43: 708.9863 | V43: 487.506
B45: Obj 6 - S | M45: Obj 6 - C
B46: t [h] | C46: Area | D46: Angle | E46: Axis (major) | F46: Axis (minor) | G46: Diameter (max) | H46: Diameter (min) | I46: Diameter (mean) | J46: Center-X (mass) | K46: Center-Y (mass) | M46: t [h] | N46: Area | O46: Angle | P46: Axis (major) | Q46: Axis (minor) | R46: Diameter (max) | S46: Diameter (min) | T46: Diameter (mean) | U46: Center-X (mass) | V46: Center-Y (mass)
B47: 0 | C47: 17766 | D47: 162.9699 | E47: 163.3903 | F47: 140.4906 | G47: 165.1302 | H47: 133.6451 | I47: 148.5862 | J47: 631.3896 | K47: 541.6581 | M47: 0 | N47: 5734 | O47: 131.033 | P47: 96.25537 | Q47: 76.89795 | R47: 96.77293 | S47: 67.60178 | T47: 83.77796 | U47: 622.2018 | V47: 544.7916
B48: 12 | C48: 33203 | D48: 20.10137 | E48: 212.1104 | F48: 199.9279 | G48: 217.0829 | H48: 185.9516 | I48: 204.4548 | J48: 630.3336 | K48: 555.7916 | M48: 12 | N48: 11293 | O48: 31.4029 | P48: 126.2654 | Q48: 114.5412 | R48: 131.244 | S48: 103.3102 | T48: 118.6669 | U48: 628.6994 | V48: 543.6469
B49: 24 | C49: 52114 | D49: 2.009319 | E49: 273.4378 | F49: 243.1921 | G49: 282.7083 | H49: 231.7693 | I49: 256.1359 | J49: 633.1384 | K49: 556.2934 | M49: 24 | N49: 18547 | O49: 128.8695 | P49: 167.7044 | Q49: 141.1783 | R49: 175.0714 | S49: 133.6451 | T49: 152.2911 | U49: 645.9157 | V49: 531.7354
B50: 36 | C50: 46405 | D50: 163.7595 | E50: 253.9649 | F50: 233.2355 | G50: 263.6096 | H50: 225.4995 | I50: 241.8602 | J50: 637.4728 | K50: 560.4792 | M50: 36 | N50: 12998 | O50: 44.96156 | P50: 155.0589 | Q50: 110.2721 | R50: 161.1862 | S50: 93.05912 | T50: 125.4176 | U50: 631.3405 | V50: 562.4011
B51: 48 | C51: 48054 | D51: 172.8578 | E51: 260.0818 | F51: 235.8458 | G51: 266.852 | H51: 225.4706 | I51: 246.0225 | J51: 632.0247 | K51: 566.7632 | M51: 48 | N51: 11083 | O51: 91.63749 | P51: 132.2001 | Q51: 109.624 | R51: 145.4991 | S51: 99.48869 | T51: 116.6932 | U51: 643.0949 | V51: 552.6157
B53: Obj 7 - S | M53: Obj 7 - C
B54: t [h] | C54: Area | D54: Angle | E54: Axis (major) | F54: Axis (minor) | G54: Diameter (max) | H54: Diameter (min) | I54: Diameter (mean) | J54: Center-X (mass) | K54: Center-Y (mass) | M54: t [h] | N54: Area | O54: Angle | P54: Axis (major) | Q54: Axis (minor) | R54: Diameter (max) | S54: Diameter (min) | T54: Diameter (mean) | U54: Center-X (mass) | V54: Center-Y (mass)
B55: 0 | C55: 23707 | D55: 172.2137 | E55: 187.0372 | F55: 162.0623 | G55: 200.2124 | H55: 156.8949 | I55: 172.3387 | J55: 630.3328 | K55: 515.9542 | M55: 0 | N55: 11633 | O55: 8.588416 | P55: 125.7618 | Q55: 118.1853 | R55: 129.5569 | S55: 110.6797 | T55: 120.6139 | U55: 629.6407 | V55: 502.3135
B56: 12 | C56: 39410 | D56: 127.8389 | E56: 230.8841 | F56: 217.5417 | G56: 238.296 | H56: 211.8797 | I56: 222.8328 | J56: 630.7524 | K56: 513.9186 | M56: 12 | N56: 15471 | O56: 76.92148 | P56: 152.9513 | Q56: 129.2411 | R56: 158.9025 | S56: 124.3262 | T56: 138.9778 | U56: 628.1547 | V56: 479.907
B57: 24 | C57: 64661 | D57: 123.6646 | E57: 296.6363 | F57: 277.8213 | G57: 302.3326 | H57: 265.7668 | I57: 285.9307 | J57: 632.8301 | K57: 517.3242 | M57: 24 | N57: 17243 | O57: 101.0492 | P57: 157.9547 | Q57: 139.6241 | R57: 157.4929 | S57: 129.5569 | T57: 146.8352 | U57: 637.581 | V57: 477.516
B58: 36 | C58: 65879 | D58: 132.7809 | E58: 300.4482 | F58: 279.5916 | G58: 315.0397 | H58: 270.0833 | I58: 288.2913 | J58: 637.6224 | K58: 523.6617 | M58: 36 | N58: 19632 | O58: 123.4661 | P58: 168.5035 | Q58: 149.5264 | R58: 177.2597 | S58: 134.3317 | T58: 156.6824 | U58: 645.4034 | V58: 492.0256
B59: 48 | C59: 64768 | D59: 78.16291 | E59: 292.3064 | F59: 282.6208 | G59: 304.1135 | H59: 270.0019 | I59: 286.0865 | J59: 643.2576 | K59: 526.538 | M59: 48 | N59: 19376 | O59: 110.1632 | P59: 160.8467 | Q59: 153.941 | R59: 165.4237 | S59: 144.4749 | T59: 155.9226 | U59: 645.6174 | V59: 496.3619
B61: Obj 8 - S | M61: Obj 8 - C
B62: t [h] | C62: Area | D62: Angle | E62: Axis (major) | F62: Axis (minor) | G62: Diameter (max) | H62: Diameter (min) | I62: Diameter (mean) | J62: Center-X (mass) | K62: Center-Y (mass) | M62: t [h] | N62: Area | O62: Angle | P62: Axis (major) | Q62: Axis (minor) | R62: Diameter (max) | S62: Diameter (min) | T62: Diameter (mean) | U62: Center-X (mass) | V62: Center-Y (mass)
B63: 0 | C63: 23760 | D63: 117.3043 | E63: 192.8899 | F63: 157.8098 | G63: 198.0328 | H63: 151.6476 | I63: 172.2118 | J63: 650.4904 | K63: 505.9197 | M63: 0 | N63: 9650 | O63: 105.7369 | P63: 118.3718 | Q63: 104.9853 | R63: 119.5031 | S63: 98.48858 | T63: 109.3356 | U63: 640.0233 | V63: 500.4008
B64: 12 | C64: 37258 | D64: 103.4524 | E64: 232.1841 | F64: 204.5966 | G64: 234 | H64: 195.9719 | I64: 216.6728 | J64: 658.8027 | K64: 499.3899 | M64: 12 | N64: 11930 | O64: 90.03177 | P64: 129.778 | Q64: 117.4152 | R64: 133.1353 | S64: 109.9318 | T64: 122.0913 | U64: 651.5328 | V64: 489.3031
B65: 24 | C65: 53357 | D65: 105.6264 | E65: 276.7628 | F65: 245.799 | G65: 284.677 | H65: 237.1181 | I65: 259.3914 | J65: 662.5396 | K65: 507.0025 | M65: 24 | N65: 16529 | O65: 100.0312 | P65: 156.8815 | Q65: 134.4525 | R65: 158.597 | S65: 129.7575 | T65: 143.8314 | U65: 648.7152 | V65: 484.9156
B66: 36 | C66: 55452 | D66: 100.6578 | E66: 280.3416 | F66: 252.1575 | G66: 287.9392 | H66: 243.6658 | I66: 264.3566 | J66: 656.7717 | K66: 503.3549 | M66: 36 | N66: 16367 | O66: 71.47507 | P66: 154.1704 | Q66: 136.2456 | R66: 162.9847 | S66: 122.4132 | T66: 142.8622 | U66: 643.8902 | V66: 480.4673
B67: 48 | C67: 56625 | D67: 97.49699 | E67: 283.1057 | F67: 254.9723 | G67: 289.5583 | H67: 245.002 | I67: 266.9974 | J67: 660.5285 | K67: 502.3277 | M67: 48 | N67: 19139 | O67: 71.08942 | P67: 170.8848 | Q67: 143.7661 | R67: 179.8889 | S67: 134.8258 | T67: 154.356 | U67: 649.2598 | V67: 479.8485
B69: Obj 9 - S | M69: Obj 9 - C
B70: t [h] | C70: Area | D70: Angle | E70: Axis (major) | F70: Axis (minor) | G70: Diameter (max) | H70: Diameter (min) | I70: Diameter (mean) | J70: Center-X (mass) | K70: Center-Y (mass) | M70: t [h] | N70: Area | O70: Angle | P70: Axis (major) | Q70: Axis (minor) | R70: Diameter (max) | S70: Diameter (min) | T70: Diameter (mean) | U70: Center-X (mass) | V70: Center-Y (mass)
B71: 0 | C71: 26097 | D71: 94.42759 | E71: 187.326 | F71: 177.8186 | G71: 193.8298 | H71: 168.7157 | I71: 181.0712 | J71: 649.4063 | K71: 496.9735 | M71: 0 | N71: 11492 | O71: 90.12713 | P71: 124.7934 | Q71: 117.5549 | R71: 127.8632 | S71: 109.9318 | T71: 119.8201 | U71: 648.4198 | V71: 490.0077
B72: 12 | C72: 40579 | D72: 98.90569 | E72: 237.3628 | F72: 217.8723 | G72: 240.4413 | H72: 210.6419 | I72: 226.2782 | J72: 652.8934 | K72: 496.2544 | M72: 12 | N72: 15644 | O72: 100.1352 | P72: 156.9241 | Q72: 127.2858 | R72: 159 | S72: 123.9758 | T72: 139.7433 | U72: 644.3365 | V72: 490.0548
B73: 24 | C73: 60606 | D73: 85.4595 | E73: 292.8355 | F73: 263.9254 | G73: 301.5245 | H73: 254.3718 | I73: 276.3617 | J73: 652.5364 | K73: 498.5517 | M73: 24 | N73: 15505 | O73: 87.14822 | P73: 155.7229 | Q73: 127.0532 | R73: 159.6621 | S73: 121.1156 | T73: 139.0169 | U73: 665.1122 | V73: 483.7188
B74: 36 | C74: 59495 | D74: 87.11394 | E74: 294.8828 | F74: 257.2371 | G74: 300.443 | H74: 247.1214 | I74: 273.487 | J74: 654.5083 | K74: 493.328 | M74: 36 | N74: 15998 | O74: 74.67429 | P74: 160.8056 | Q74: 127.0328 | R74: 161.3753 | S74: 119.0042 | T74: 141.0411 | U74: 651.3793 | V74: 480.9919
B75: 48 | C75: 65136 | D75: 92.63646 | E75: 301.2289 | F75: 275.9153 | G75: 322.8204 | H75: 266.2724 | I75: 286.7255 | J75: 656.883 | K75: 497.3639 | M75: 48 | N75: 18008 | O75: 91.83341 | P75: 156.0417 | Q75: 147.744 | R75: 161.1521 | S75: 137.8768 | T75: 150.2014 | U75: 656.4741 | V75: 484.8028
B77: Obj 10 - S | M77: Obj 10 - C
B78: t [h] | C78: Area | D78: Angle | E78: Axis (major) | F78: Axis (minor) | G78: Diameter (max) | H78: Diameter (min) | I78: Diameter (mean) | J78: Center-X (mass) | K78: Center-Y (mass) | M78: t [h] | N78: Area | O78: Angle | P78: Axis (major) | Q78: Axis (minor) | R78: Diameter (max) | S78: Diameter (min) | T78: Diameter (mean) | U78: Center-X (mass) | V78: Center-Y (mass)
B79: 0 | C79: 21072 | D79: 154.6765 | E79: 175.0366 | F79: 153.6718 | G79: 177.4852 | H79: 150.5722 | I79: 162.6394 | J79: 626.3107 | K79: 509.8996 | M79: 0 | N79: 7171 | O79: 155.6613 | P79: 102.7723 | Q79: 89.15043 | R79: 105.2616 | S79: 84 | T79: 94.44598 | U79: 623.1264 | V79: 512.7142
B80: 12 | C80: 37729 | D80: 171.7051 | E80: 234.3798 | F80: 205.3785 | G80: 242.0083 | H80: 194.6587 | I80: 217.8659 | J80: 629.8943 | K80: 505.1309 | M80: 12 | N80: 10157 | O80: 81.88927 | P80: 118.2305 | Q80: 109.8264 | R80: 124.952 | S80: 102.4207 | T80: 112.6177 | U80: 634.4828 | V80: 518.974
B81: 24 | C81: 54634 | D81: 169.1646 | E81: 277.703 | F81: 250.756 | G81: 283.4449 | H81: 241 | I81: 262.5685 | J81: 631.1647 | K81: 512.7382 | M81: 24 | N81: 18481 | O81: 118.5103 | P81: 157.2513 | Q81: 150.1261 | R81: 163.1104 | S81: 140.89 | T81: 152.1956 | U81: 646.6367 | V81: 523.1428
B82: 36 | C82: 55666 | D82: 175.123 | E82: 285.3688 | F82: 248.6647 | G82: 286.9373 | H82: 238.21 | I82: 264.835 | J82: 629.2206 | K82: 507.0677 | M82: 36 | N82: 16262 | O82: 176.2172 | P82: 149.3632 | Q82: 138.8461 | R82: 151.9901 | S82: 133.8096 | T82: 142.8343 | U82: 655.5856 | V82: 527.9911
B83: 48 | C83: 59576 | D83: 163.8859 | E83: 281.7897 | F83: 269.718 | G83: 293.232 | H83: 254.951 | I83: 274.1552 | J83: 633.8823 | K83: 506.3249 | M83: 48 | N83: 16041 | O83: 21.98429 | P83: 159.4963 | Q83: 130.0471 | R83: 164.5387 | S83: 125.2996 | T83: 141.0586 | U83: 661.6762 | V83: 528.0101
B85: Obj 11 - S | M85: Obj 11 - C
B86: t [h] | C86: Area | D86: Angle | E86: Axis (major) | F86: Axis (minor) | G86: Diameter (max) | H86: Diameter (min) | I86: Diameter (mean) | J86: Center-X (mass) | K86: Center-Y (mass) | M86: t [h] | N86: Area | O86: Angle | P86: Axis (major) | Q86: Axis (minor) | R86: Diameter (max) | S86: Diameter (min) | T86: Diameter (mean) | U86: Center-X (mass) | V86: Center-Y (mass)
B87: 0 | C87: 23772 | D87: 94.4885 | E87: 232.2574 | F87: 133.2335 | G87: 242 | H87: 128.7362 | I87: 168.6049 | J87: 634.283 | K87: 483.9628 | M87: 0 | N87: 4415 | O87: 109.942 | P87: 83.20774 | Q87: 67.73791 | R87: 88.02273 | S87: 67.05222 | T87: 73.71619 | U87: 618.6123 | V87: 484.2448
B88: 12 | C88: 34394 | D88: 81.68538 | E88: 239.7383 | F88: 183.3221 | G88: 252.0317 | H88: 179.7693 | I88: 207.0752 | J88: 634.2779 | K88: 478.9259 | M88: 12 | N88: 9680 | O88: 86.51598 | P88: 126.5152 | Q88: 98.17388 | R88: 133.7647 | S88: 90.02777 | T88: 109.3914 | U88: 641.5924 | V88: 489.8784
B89: 24 | C89: 58507 | D89: 79.12675 | E89: 307.4977 | F89: 242.7009 | G89: 319.7812 | H89: 241.1182 | I89: 270.7427 | J89: 631.0781 | K89: 489.3282 | M89: 24 | N89: 12558 | O89: 71.82349 | P89: 146.8895 | Q89: 110.3927 | R89: 150.8808 | S89: 107.7033 | T89: 124.1413 | U89: 656.3769 | V89: 502.4592
B90: 36 | C90: 56096 | D90: 78.69244 | E90: 297.4045 | F90: 240.8179 | G90: 307.7434 | H90: 229.4276 | I90: 265.3015 | J90: 632.1108 | K90: 485.628 | M90: 36 | N90: 11246 | O90: 80.54911 | P90: 146.3992 | Q90: 99.37111 | R90: 147.1224 | S90: 86.68333 | T90: 116.8794 | U90: 657.1284 | V90: 491.8497
B91: 48 | C91: 58057 | D91: 90.96881 | E91: 302.1963 | F91: 245.0853 | G91: 312.0064 | H91: 242.2664 | I91: 270.0269 | J91: 637.778 | K91: 486.9211 | M91: 48 | N91: 13428 | O91: 71.02551 | P91: 173.6428 | Q91: 99.45494 | R91: 175.2826 | S91: 90.44888 | T91: 126.4088 | U91: 657.6979 | V91: 492.5634
B93: Obj 12 - S | M93: Obj 12 - C
B94: t [h] | C94: Area | D94: Angle | E94: Axis (major) | F94: Axis (minor) | G94: Diameter (max) | H94: Diameter (min) | I94: Diameter (mean) | J94: Center-X (mass) | K94: Center-Y (mass) | M94: t [h] | N94: Area | O94: Angle | P94: Axis (major) | Q94: Axis (minor) | R94: Diameter (max) | S94: Diameter (min) | T94: Diameter (mean) | U94: Center-X (mass) | V94: Center-Y (mass)
B95: 0 | C95: 22204 | D95: 57.6135 | E95: 179.9487 | F95: 157.7654 | G95: 185.1513 | H95: 155.0387 | I95: 166.8997 | J95: 643.4332 | K95: 495.2694 | M95: 0 | N95: 8567 | O95: 80.63694 | P95: 105.7001 | Q95: 103.7555 | R95: 110.4219 | S95: 93.26307 | T95: 103.3958 | U95: 655.3027 | V95: 487.0234
B96: 12 | C96: 32745 | D96: 40.45656 | E96: 209.6598 | F96: 199.2836 | G96: 220.6218 | H96: 193.582 | I96: 203.0001 | J96: 653.3388 | K96: 492.4517 | M96: 12 | N96: 11058 | O96: 81.51036 | P96: 120.0458 | Q96: 117.6193 | R96: 123.0041 | S96: 110.9414 | T96: 117.5849 | U96: 659.7595 | V96: 486.3315
B97: 24 | C97: 56396 | D97: 44.17818 | E97: 274.8194 | F97: 261.8112 | G97: 286.4472 | H97: 253.0494 | I97: 266.6974 | J97: 653.2554 | K97: 496.8341 | M97: 24 | N97: 20472 | O97: 101.0636 | P97: 165.4219 | Q97: 158.2737 | R97: 172.7426 | S97: 152.5516 | T97: 160.3313 | U97: 671.803 | V97: 481.2848
B98: 36 | C98: 56039 | D98: 29.43999 | E98: 277.3959 | F98: 258.8516 | G98: 291.3589 | H98: 248.8715 | I98: 265.362 | J98: 650.2806 | K98: 496.4208 | M98: 36 | N98: 18746 | O98: 152.1889 | P98: 162.9312 | Q98: 147.1587 | R98: 173.8505 | S98: 140.0036 | T98: 153.3191 | U98: 673.4184 | V98: 472.0652
B99: 48 | C99: 54201 | D99: 48.7561 | E99: 268.4358 | F99: 257.4976 | G99: 280.9573 | H99: 248.8715 | I99: 261.4569 | J99: 648.8132 | K99: 497.3033 | M99: 48 | N99: 20162 | O99: 162.3656 | P99: 169.7533 | Q99: 152.0542 | R99: 176.1193 | S99: 144.2671 | T99: 158.9444 | U99: 678.2387 | V99: 484.1125
B101: Obj 13 - S | M101: Obj 13 - C
B102: t [h] | C102: Area | D102: Angle | E102: Axis (major) | F102: Axis (minor) | G102: Diameter (max) | H102: Diameter (min) | I102: Diameter (mean) | J102: Center-X (mass) | K102: Center-Y (mass) | M102: t [h] | N102: Area | O102: Angle | P102: Axis (major) | Q102: Axis (minor) | R102: Diameter (max) | S102: Diameter (min) | T102: Diameter (mean) | U102: Center-X (mass) | V102: Center-Y (mass)
B103: 0 | C103: 24018 | D103: 54.30543 | E103: 181.9283 | F103: 168.6339 | G103: 193.3417 | H103: 160.9099 | I103: 173.5865 | J103: 647.5142 | K103: 468.685 | M103: 0 | N103: 9803 | O103: 79.1706 | P103: 124.4123 | Q103: 100.5295 | R103: 127.122 | S103: 98.37174 | T103: 110.4552 | U103: 652.9706 | V103: 464.7735
B104: 12 | C104: 36627 | D104: 63.11274 | E104: 222.7608 | F104: 209.6188 | G104: 228.4053 | H104: 201.9554 | I104: 214.861 | J104: 656.8714 | K104: 470.2493 | M104: 12 | N104: 12466 | O104: 94.69565 | P104: 135.0916 | Q104: 117.8049 | R104: 137.6154 | S104: 113.4637 | T104: 124.7811 | U104: 661.6653 | V104: 473.9785
B105: 24 | C105: 59683 | D105: 79.55096 | E105: 283.1045 | F105: 268.8048 | G105: 290.9295 | H105: 261.0172 | I105: 274.4048 | J105: 653.9644 | K105: 464.5009 | M105: 24 | N105: 13780 | O105: 129.7309 | P105: 137.5216 | Q105: 127.9407 | R105: 141.6616 | S105: 116.8118 | T105: 131.2888 | U105: 669.5895 | V105: 464.2917
B106: 36 | C106: 59475 | D106: 60.20673 | E106: 281.5232 | F106: 269.2932 | G106: 285.6169 | H106: 259.9769 | I106: 273.9678 | J106: 651.5687 | K106: 473.9257 | M106: 36 | N106: 22954 | O106: 50.43057 | P106: 182.997 | Q106: 160.2882 | R106: 188.1622 | S106: 149.9133 | T106: 169.4726 | U106: 678.4999 | V106: 469.8943
B107: 48 | C107: 58815 | D107: 84.89607 | E107: 280.871 | F107: 267.1008 | G107: 290.0776 | H107: 259.9423 | I107: 272.3586 | J107: 650.2362 | K107: 473.9641 | M107: 48 | N107: 19305 | O107: 36.10938 | P107: 174.7552 | Q107: 141.9064 | R107: 177.5528 | S107: 125.1719 | T107: 154.7304 | U107: 675.7427 | V107: 454.2608
B109: Obj 14 - S | M109: Obj 14 - C
B110: t [h] | C110: Area | D110: Angle | E110: Axis (major) | F110: Axis (minor) | G110: Diameter (max) | H110: Diameter (min) | I110: Diameter (mean) | J110: Center-X (mass) | K110: Center-Y (mass) | M110: t [h] | N110: Area | O110: Angle | P110: Axis (major) | Q110: Axis (minor) | R110: Diameter (max) | S110: Diameter (min) | T110: Diameter (mean) | U110: Center-X (mass) | V110: Center-Y (mass)
B111: 0 | C111: 20771 | D111: 82.51263 | E111: 181.0352 | F111: 146.2407 | G111: 185.1621 | H111: 143.0035 | I111: 160.9964 | J111: 661.7807 | K111: 503.2827 | M111: 0 | N111: 9822 | O111: 102.3857 | P111: 122.2014 | Q111: 102.637 | R111: 121.5936 | S111: 94.24436 | T111: 110.4984 | U111: 651.4716 | V111: 504.1581
B112: 12 | C112: 34566 | D112: 82.82192 | E112: 218.8665 | F112: 201.4479 | G112: 230.2433 | H112: 194.9282 | I112: 208.5949 | J112: 666.5652 | K112: 493.7544 | M112: 12 | N112: 13526 | O112: 91.88158 | P112: 145.0104 | Q112: 119.2544 | R112: 150.4427 | S112: 111 | T112: 129.7174 | U112: 651.2523 | V112: 498.0701
B113: 24 | C113: 54626 | D113: 84.02838 | E113: 278.6558 | F113: 249.8233 | G113: 288.4198 | H113: 245.2774 | I113: 262.4596 | J113: 666.4257 | K113: 499.2277 | M113: 24 | N113: 18924 | O113: 44.72425 | P113: 163.7136 | Q113: 147.4225 | R113: 163.9177 | S113: 141.0142 | T113: 154.0379 | U113: 636.3749 | V113: 500.683
B114: 36 | C114: 55267 | D114: 74.32505 | E114: 274.8233 | F114: 256.4706 | G114: 287.9028 | H114: 249.7038 | I114: 263.957 | J114: 668.0963 | K114: 497.3224 | M114: 36 | N114: 20203 | O114: 72.92517 | P114: 172.513 | Q114: 149.9123 | R114: 174.2556 | S114: 141.7956 | T114: 159.0099 | U114: 641.0963 | V114: 496.1114
B115: 48 | C115: 53208 | D115: 81.1783 | E115: 279.5476 | F115: 242.5654 | G115: 285.4137 | H115: 238.0336 | I115: 258.9001 | J115: 668.6256 | K115: 502.4787 | M115: 48 | N115: 21283 | O115: 163.5545 | P115: 168.6727 | Q115: 161.4085 | R115: 172.7947 | S115: 148.9463 | T115: 163.3716 | U115: 635.2111 | V115: 508.0769
...

Sheet Gradient condition
B1: 5x [um/Pxl] | C1: 1.2107986
B3: Shell (S) metrics obtained by image analysis. All data are reported in pixel. Images were acquired by using 5x optic. | M3: Necrotic core metrics obtained by image analysis. All data are reported in pixel. Images were acquired by using 5x optic.
B5: Data: | C5: 42576
B7: Obj 30 - S | C7: [Pixel] | M7: Obj 30 - C
B8: t [h] | C8: Area | D8: Angle | E8: Axis (major) | F8: Axis (minor) | G8: Diameter (max) | H8: Diameter (min) | I8: Diameter (mean) | J8: Center-X (mass) | K8: Center-Y (mass) | M8: t [h] | N8: Area | O8: Angle | P8: Axis (major) | Q8: Axis (minor) | R8: Diameter (max) | S8: Diameter (min) | T8: Diameter (mean) | U8: Center-X (mass) | V8: Center-Y (mass)
B9: 0 | C9: 37511 | D9: 176.5544 | E9: 233.6419 | F9: 205.035 | G9: 247.4066 | H9: 197.6689 | I9: 217.1771 | J9: 646.5122 | K9: 528.4769 | M9: 0 | N9: 16065 | O9: 143.8325 | P9: 147.4286 | Q9: 139.1356 | R9: 152.345 | S9: 130.0846 | T9: 141.9422 | U9: 645.3644 | V9: 505.491
B10: 12 | C10: 58430 | D10: 154.8746 | E10: 279.2249 | F10: 267.1228 | G10: 285.9738 | H10: 258.1414 | I10: 271.3729 | J10: 642.9349 | K10: 517.5927 | M10: 12 | N10: 20849 | O10: 51.66118 | P10: 169.3645 | Q10: 157.0302 | R10: 174.0029 | S10: 152.4861 | T10: 161.7678 | U10: 638.8703 | V10: 503.3575
B11: 24 | M11: 24
B12: 36 | C12: 71270 | D12: 160.8574 | E12: 313.3993 | F12: 290.1083 | G12: 322.1211 | H12: 279.0161 | I12: 300.0248 | J12: 646.2698 | K12: 544.0782 | M12: 36 | N12: 22555 | O12: 8.51075 | P12: 177.3102 | Q12: 162.0793 | R12: 178.3396 | S12: 158.0032 | T12: 168.4477 | U12: 638.8237 | V12: 524.3561
B13: 48 | C13: 68927 | D13: 144.9096 | E13: 321.0783 | F13: 274.0536 | G13: 332.3387 | H13: 260.8237 | I13: 294.4264 | J13: 644.1899 | K13: 526.2108 | M13: 48 | N13: 22654 | O13: 166.9894 | P13: 177.5803 | Q13: 162.6755 | R13: 184.3909 | S13: 156.9745 | T13: 168.7973 | U13: 642.5075 | V13: 527.7059
B15: Obj 31 - S | M15: Obj 31 - C
B16: t [h] | C16: Area | D16: Angle | E16: Axis (major) | F16: Axis (minor) | G16: Diameter (max) | H16: Diameter (min) | I16: Diameter (mean) | J16: Center-X (mass) | K16: Center-Y (mass) | M16: t [h] | N16: Area | O16: Angle | P16: Axis (major) | Q16: Axis (minor) | R16: Diameter (max) | S16: Diameter (min) | T16: Diameter (mean) | U16: Center-X (mass) | V16: Center-Y (mass)
B17: 0 | C17: 34523 | D17: 146.7702 | E17: 217.0396 | F17: 203.0419 | G17: 222.009 | H17: 191.802 | I17: 208.6557 | J17: 602.7392 | K17: 520.4521 | M17: 0 | N17: 18626 | O17: 111.1206 | P17: 169.6968 | Q17: 140.3027 | R17: 174.7484 | S17: 132.7403 | T17: 152.4143 | U17: 606.3447 | V17: 514.2783
B18: 12 | C18: 69216 | D18: 119.9041 | E18: 302.6544 | F18: 291.716 | G18: 310.266 | H18: 280.7294 | I18: 295.537 | J18: 600.5871 | K18: 517.6548 | M18: 12 | N18: 24840 | O18: 113.8204 | P18: 191.6427 | Q18: 165.2793 | R18: 195.5019 | S18: 162.0031 | T18: 176.6981 | U18: 603.5486 | V18: 507.8505
B19: 24 | C19: 90415 | D19: 24.09518 | E19: 349.5551 | F19: 330.5224 | G19: 363.4199 | H19: 315.1016 | I19: 337.8826 | J19: 607.5222 | K19: 518.8684 | M19: 24 | N19: 36580 | O19: 112.7024 | P19: 224.2714 | Q19: 207.9407 | R19: 229.2684 | S19: 202.7659 | T19: 214.7712 | U19: 609.0213 | V19: 522.7613
B20: 36 | C20: 88199 | D20: 155.8017 | E20: 346.6577 | F20: 324.7051 | G20: 354.1892 | H20: 300.9867 | I20: 333.7869 | J20: 601.1343 | K20: 527.3576 | M20: 36 | N20: 32138 | O20: 133.3081 | P20: 212.4171 | Q20: 193.1753 | R20: 217.9954 | S20: 183.807 | T20: 201.0009 | U20: 604.5259 | V20: 529.9354
B21: 48 | C21: 95852 | D21: 119.0952 | E21: 365.5811 | F21: 334.4885 | G21: 369.4388 | H21: 321.6598 | I21: 347.8985 | J21: 613.252 | K21: 508.2389 | M21: 48 | N21: 29749 | O21: 156.9347 | P21: 200.068 | Q21: 189.9071 | R21: 206.3201 | S21: 178.6309 | T21: 193.4751 | U21: 605.2201 | V21: 524.5112
B23: Obj 32 - S | M23: Obj 32 - C
B24: t [h] | C24: Area | D24: Angle | E24: Axis (major) | F24: Axis (minor) | G24: Diameter (max) | H24: Diameter (min) | I24: Diameter (mean) | J24: Center-X (mass) | K24: Center-Y (mass) | M24: t [h] | N24: Area | O24: Angle | P24: Axis (major) | Q24: Axis (minor) | R24: Diameter (max) | S24: Diameter (min) | T24: Diameter (mean) | U24: Center-X (mass) | V24: Center-Y (mass)
B25: 0 | C25: 37986 | D25: 62.02048 | E25: 230.7772 | F25: 211.1506 | G25: 238.5372 | H25: 205.3022 | I25: 218.191 | J25: 625.1964 | K25: 431.3981 | M25: 0 | N25: 15974 | O25: 39.50094 | P25: 152.2993 | Q25: 134.8664 | R25: 161.1986 | S25: 121.5936 | T25: 141.1694 | U25: 621.9538 | V25: 446.1312
B26: 12 | C26: 65150 | D26: 63.08996 | E26: 306.9677 | F26: 271.3601 | G26: 327 | H26: 258.1472 | I26: 286.6808 | J26: 627.1324 | K26: 431.5861 | M26: 12 | N26: 26787 | O26: 31.35517 | P26: 187.0172 | Q26: 182.662 | R26: 191.4706 | S26: 174.9286 | T26: 183.5772 | U26: 624.2632 | V26: 432.8812
B27: 24 | C27: 79647 | D27: 130.709 | E27: 328.2043 | F27: 310.2866 | G27: 349.1848 | H27: 295.2982 | I27: 316.737 | J27: 631.4168 | K27: 444.9417 | M27: 24 | N27: 33677 | O27: 51.29513 | P27: 217.8855 | Q27: 197.28 | R27: 222.1824 | S27: 191.802 | T27: 205.8253 | U27: 629.1555 | V27: 439.8797
B28: 36 | C28: 81026 | D28: 82.40424 | E28: 336.5718 | F28: 307.4839 | G28: 345.627 | H28: 298.0419 | I28: 319.5358 | J28: 624.8235 | K28: 428.8828 | M28: 36 | N28: 28631 | O28: 36.9044 | P28: 200.9121 | Q28: 182.3533 | R28: 206.9324 | S28: 168.3716 | T28: 189.5968 | U28: 625.0961 | V28: 432.3572
B29: 48 | C29: 82761 | D29: 74.03414 | E29: 345.0471 | F29: 305.7724 | G29: 352.6386 | H29: 297.7549 | I29: 323.229 | J29: 632.4789 | K29: 420.7469 | M29: 48 | N29: 28281 | O29: 62.10908 | P29: 201.5037 | Q29: 180.3244 | R29: 208.2907 | S29: 167.2872 | T29: 188.1872 | U29: 629.9355 | V29: 434.9269
B31: Obj 33 - S | M31: Obj 33 - C
B32: t [h] | C32: Area | D32: Angle | E32: Axis (major) | F32: Axis (minor) | G32: Diameter (max) | H32: Diameter (min) | I32: Diameter (mean) | J32: Center-X (mass) | K32: Center-Y (mass) | M32: t [h] | N32: Area | O32: Angle | P32: Axis (major) | Q32: Axis (minor) | R32: Diameter (max) | S32: Diameter (min) | T32: Diameter (mean) | U32: Center-X (mass) | V32: Center-Y (mass)
B33: 0 | C33: 35411 | D33: 136.4643 | E33: 230.2908 | F33: 196.0169 | G33: 238.296 | H33: 192.2134 | I33: 210.9526 | J33: 695.2615 | K33: 533.7311 | M33: 0 | N33: 20172 | O33: 139.5535 | P33: 170.3251 | Q33: 151.1599 | R33: 178.6309 | S33: 144.9414 | T33: 158.9529 | U33: 698.835 | V33: 528.4868
B34: 12 | C34: 61785 | D34: 160.9605 | E34: 296.0886 | F34: 266.4469 | G34: 306.3152 | H34: 247.8911 | I34: 278.7144 | J34: 699.6968 | K34: 529.8982 | M34: 12 | N34: 20701 | O34: 136.8236 | P34: 176.4875 | Q34: 149.717 | R34: 180.5602 | S34: 144.2775 | T34: 161.0578 | U34: 697.7876 | V34: 518.1377
B35: 24 | C35: 89667 | D35: 67.58777 | E35: 351.1754 | F35: 330.6734 | G35: 365.4532 | H35: 308.185 | I35: 334.9403 | J35: 676.2682 | K35: 540.7363 | M35: 24 | N35: 25883 | O35: 107.5015 | P35: 204.0924 | Q35: 161.9388 | R35: 206.526 | S35: 160.3278 | T35: 179.8156 | U35: 697.8375 | V35: 532.598
B36: 36 | C36: 88710 | D36: 133.4405 | E36: 358.7286 | F36: 316.1205 | G36: 374.9947 | H36: 299.5463 | I36: 334.5778 | J36: 687.9993 | K36: 539.9946 | M36: 36 | N36: 32834 | O36: 142.3362 | P36: 221.2863 | Q36: 189.444 | R36: 224.5373 | S36: 174.5222 | T36: 203.0202 | U36: 698.382 | V36: 535.5476
B37: 48 | C37: 88079 | D37: 146.5055 | E37: 362.3987 | F37: 310.2266 | G37: 373.4622 | H37: 302.8036 | I37: 332.9425 | J37: 695.7984 | K37: 521.9442 | M37: 48 | N37: 27372 | O37: 136.3457 | P37: 210.1258 | Q37: 166.4544 | R37: 209.9548 | S37: 159.7655 | T37: 184.8745 | U37: 709.3257 | V37: 532.5388
B39: Obj 34 - S | M39: Obj 34 - C
B40: t [h] | C40: Area | D40: Angle | E40: Axis (major) | F40: Axis (minor) | G40: Diameter (max) | H40: Diameter (min) | I40: Diameter (mean) | J40: Center-X (mass) | K40: Center-Y (mass) | M40: t [h] | N40: Area | O40: Angle | P40: Axis (major) | Q40: Axis (minor) | R40: Diameter (max) | S40: Diameter (min) | T40: Diameter (mean) | U40: Center-X (mass) | V40: Center-Y (mass)
B41: 0 | C41: 20771 | D41: 66.85121 | E41: 171.1037 | F41: 155.0302 | G41: 175.4109 | H41: 147.5568 | I41: 161.2974 | J41: 730.5649 | K41: 517.6856 | M41: 0 | N41: 4962 | O41: 114.3146 | P41: 85.2509 | Q41: 74.69022 | R41: 88.45903 | S41: 71.11962 | T41: 78.33419 | U41: 735.3807 | V41: 519.5376
B42: 12 | C42: 32188 | D42: 24.00152 | E42: 210.3295 | F42: 195.512 | G42: 217.681 | H42: 183.7417 | I42: 201.1483 | J42: 713.5332 | K42: 507.9956 | M42: 12 | N42: 8002 | O42: 49.68296 | P42: 108.6295 | Q42: 94.4139 | R42: 107.5639 | S42: 83.63013 | T42: 99.66256 | U42: 707.8226 | V42: 522.6587
B43: 24 | C43: 36056 | D43: 65.10387 | E43: 222.8507 | F43: 206.5707 | G43: 231.2488 | H43: 197.5854 | I43: 212.9429 | J43: 710.2688 | K43: 527.6936 | M43: 24 | N43: 10975 | O43: 59.86682 | P43: 131.6706 | Q43: 106.753 | R43: 131.244 | S43: 91.70605 | T43: 116.6668 | U43: 707.2634 | V43: 531.0389
B44: 36 | C44: 30645 | D44: 45.54447 | E44: 204.8031 | F44: 191.1322 | G44: 213.0211 | H44: 181.4635 | I44: 196.4722 | J44: 711.7864 | K44: 526.8845 | M44: 36 | N44: 7885 | O44: 14.36602 | P44: 117.9913 | Q44: 86.29738 | R44: 121.5936 | S44: 78.49203 | T44: 98.29646 | U44: 695.0861 | V44: 530.5547
B45: 48 | C45: 29368 | D45: 71.88854 | E45: 202.9609 | F45: 184.5199 | G45: 204.0098 | H45: 174.0259 | I45: 192.061 | J45: 713.0645 | K45: 527.4296 | M45: 48 | N45: 9695 | O45: 52.02244 | P45: 128.7549 | Q45: 96.72961 | R45: 128.7051 | S45: 82.92768 | T45: 109.1215 | U45: 700.6786 | V45: 529.8793
B47: Data: | C47: 42633
B49: Obj 1 - S | M49: Obj 1 - C
B50: t [h] | C50: Area | D50: Angle | E50: Axis (major) | F50: Axis (minor) | G50: Diameter (max) | H50: Diameter (min) | I50: Diameter (mean) | J50: Center-X (mass) | K50: Center-Y (mass) | M50: t [h] | N50: Area | O50: Angle | P50: Axis (major) | Q50: Axis (minor) | R50: Diameter (max) | S50: Diameter (min) | T50: Diameter (mean) | U50: Center-X (mass) | V50: Center-Y (mass)
B51: 0 | C51: 5822 | D51: 37.12051 | E51: 97.76134 | F51: 76.08698 | G51: 101.2571 | H51: 74.51846 | I51: 84.72101 | J51: 608.3787 | K51: 522.38 | M51: 0 | N51: 2927 | O51: 30.32638 | P51: 69.16553 | Q51: 55.23038 | R51: 74.24958 | S51: 46.09772 | T51: 59.91202 | U51: 611.85 | V51: 517.1205
B52: 12 | C52: 8481 | D52: 112.78 | E52: 111.1055 | F52: 97.8254 | G52: 111.5213 | H52: 88.86507 | I52: 102.588 | J52: 634.9269 | K52: 520.4449 | M52: 12 | N52: 3100 | O52: 113.0525 | P52: 65.32899 | Q52: 61.59786 | R52: 69.11584 | S52: 53 | T52: 61.54953 | U52: 633.4709 | V52: 518.8187
B53: 24 | C53: 10727 | D53: 45.64738 | E53: 126.0714 | F53: 110.1581 | G53: 144.9724 | H53: 101.9804 | I53: 115.1937 | J53: 633.2822 | K53: 534.0665 | M53: 24 | N53: 4476 | O53: 136.8534 | P53: 78.85255 | Q53: 72.92812 | R53: 85.44004 | S53: 67.62396 | T53: 74.15044 | U53: 632.1199 | V53: 526.1254
B54: 36 | C54: 12269 | D54: 69.60968 | E54: 132.0802 | F54: 120.4732 | G54: 151.3473 | H54: 102.5914 | I54: 122.9408 | J54: 627.64 | K54: 499.3036 | M54: 36 | N54: 4255 | O54: 156.5459 | P54: 78.10686 | Q54: 70.61493 | R54: 82.63776 | S54: 58.24946 | T54: 71.97588 | U54: 626.139 | V54: 489.4552
B55: 48 | C55: 15543 | D55: 81.84707 | E55: 146.0211 | F55: 136.739 | G55: 151.3208 | H55: 126.2418 | I55: 139.2983 | J55: 624.1628 | K55: 498.0466 | M55: 48 | N55: 4932 | O55: 162.0191 | P55: 83.34842 | Q55: 76.37708 | R55: 88.00568 | S55: 66.70832 | T55: 77.82548 | U55: 624.4639 | V55: 490.2685
B57: Obj 2 - S | M57: Obj 2 - C
B58: t [h] | C58: Area | D58: Angle | E58: Axis (major) | F58: Axis (minor) | G58: Diameter (max) | H58: Diameter (min) | I58: Diameter (mean) | J58: Center-X (mass) | K58: Center-Y (mass) | M58: t [h] | N58: Area | O58: Angle | P58: Axis (major) | Q58: Axis (minor) | R58: Diameter (max) | S58: Diameter (min) | T58: Diameter (mean) | U58: Center-X (mass) | V58: Center-Y (mass)
B59: 0 | C59: 10340 | D59: 96.26692 | E59: 122.0912 | F59: 108.0987 | G59: 123.065 | H59: 103.0049 | I59: 113.6067 | J59: 639.1951 | K59: 481.259 | M59: 0 | N59: 3214 | O59: 169.5956 | P59: 71.32131 | Q59: 59.00951 | R59: 77.20103 | S59: 51.0392 | T59: 62.72821 | U59: 632.2329 | V59: 485.9271
B60: 12 | C60: 12410 | D60: 68.30542 | E60: 136.9392 | F60: 115.8547 | G60: 145.7738 | H60: 110.2588 | I60: 124.2432 | J60: 666.7903 | K60: 505.868 | M60: 12 | N60: 3844 | O60: 175.6757 | P60: 78.82069 | Q60: 63.35527 | R60: 78.77182 | S60: 53.93515 | T60: 68.13288 | U60: 659.9763 | V60: 504.2498
B61: 24 | C61: 15352 | D61: 76.3834 | E61: 148.817 | F61: 132.0124 | G61: 159.9062 | H61: 127.0118 | I61: 138.4103 | J61: 667.2233 | K61: 547.1804 | M61: 24 | N61: 4772 | O61: 87.663 | P61: 82.86303 | Q61: 73.74412 | R61: 84.21401 | S61: 69 | T61: 76.80762 | U61: 666.3516 | V61: 544.0953
B62: 36 | C62: 16810 | D62: 81.49716 | E62: 156.1275 | F62: 137.7466 | G62: 165.9789 | H62: 133.3754 | I62: 144.7003 | J62: 645.8151 | K62: 406.2234 | M62: 36 | N62: 6908 | O62: 103.0181 | P62: 96.44898 | Q62: 93.35072 | R62: 105.385 | S62: 79.12016 | T62: 91.92738 | U62: 643.9119 | V62: 400.7495
B63: 48 | C63: 17843 | D63: 79.65361 | E63: 160.7296 | F63: 141.8367 | G63: 172.5688 | H63: 136.6199 | I63: 149.4063 | J63: 650.501 | K63: 485.4871 | M63: 48 | N63: 7519 | O63: 65.48046 | P63: 108.0339 | Q63: 91.85802 | R63: 111.6109 | S63: 82.73451 | T63: 95.71807 | U63: 650.0879 | V63: 478.5667
B65: Obj 3 - S | M65: Obj 3 - C
B66: t [h] | C66: Area | D66: Angle | E66: Axis (major) | F66: Axis (minor) | G66: Diameter (max) | H66: Diameter (min) | I66: Diameter (mean) | J66: Center-X (mass) | K66: Center-Y (mass) | M66: t [h] | N66: Area | O66: Angle | P66: Axis (major) | Q66: Axis (minor) | R66: Diameter (max) | S66: Diameter (min) | T66: Diameter (mean) | U66: Center-X (mass) | V66: Center-Y (mass)
B67: 0 | C67: 15016 | D67: 115.2709 | E67: 139.8474 | F67: 136.9661 | G67: 145.3444 | H67: 127.0039 | I67: 137.2272 | J67: 625.7578 | K67: 531.5323 | M67: 0 | N67: 5068 | O67: 42.53289 | P67: 95.98139 | Q67: 69.32873 | R67: 96.84007 | S67: 52.39275 | T67: 77.89532 | U67: 619.384 | V67: 534.8801
B68: 12 | C68: 18311 | D68: 165.0781 | E68: 154.5766 | F68: 151.0971 | G68: 160.9534 | H68: 145.7841 | I68: 151.5797 | J68: 659.1078 | K68: 540.8685 | M68: 12 | N68: 5094 | O68: 155.9176 | P68: 96.41077 | Q68: 69.85722 | R68: 100.8464 | S68: 55.32631 | T68: 77.57366 | U68: 649.448 | V68: 549.1939
B69: 24 | C69: 27310 | D69: 89.21416 | E69: 190.9915 | F69: 183.0965 | G69: 204.5532 | H69: 171.9651 | I69: 185.3671 | J69: 664.6661 | K69: 540.6913 | M69: 24 | N69: 9007 | O69: 169.6968 | P69: 121.1022 | Q69: 95.0929 | R69: 121.5977 | S69: 90.52071 | T69: 105.463 | U69: 663.0875 | V69: 538.9642
B70: 36 | C70: 27340 | D70: 50.74323 | E70: 188.3627 | F70: 185.4944 | G70: 208.0024 | H70: 172.7339 | I70: 185.302 | J70: 685.309 | K70: 518.9747 | M70: 36 | N70: 10164 | O70: 161.7204 | P70: 122.6918 | Q70: 107.0421 | R70: 131.7346 | S70: 90.82401 | T70: 112.0278 | U70: 675.2943 | V70: 521.1342
B71: 48 | C71: 28498 | D71: 12.03835 | E71: 192.1658 | F71: 189.6125 | G71: 205.9733 | H71: 178.8323 | I71: 188.9929 | J71: 680.2344 | K71: 523.0805 | M71: 48 | N71: 9463 | O71: 28.2118 | P71: 137.2781 | Q71: 91.11293 | R71: 138.398 | S71: 73.82411 | T71: 106.1477 | U71: 675.1228 | V71: 516.4778
B73: Obj 4 - S | M73: Obj 4 - C
B74: t [h] | C74: Area | D74: Angle | E74: Axis (major) | F74: Axis (minor) | G74: Diameter (max) | H74: Diameter (min) | I74: Diameter (mean) | J74: Center-X (mass) | K74: Center-Y (mass) | M74: t [h] | N74: Area | O74: Angle | P74: Axis (major) | Q74: Axis (minor) | R74: Diameter (max) | S74: Diameter (min) | T74: Diameter (mean) | U74: Center-X (mass) | V74: Center-Y (mass)
B75: 0 | C75: 7156 | D75: 27.38494 | E75: 101.1041 | F75: 90.84329 | G75: 106.3814 | H75: 82.02438 | I75: 94.19839 | J75: 659.1201 | K75: 508.666 | M75: 0 | N75: 2673 | O75: 57.76768 | P75: 68.60974 | Q75: 50.64165 | R75: 72.12489 | S75: 48.01041 | T75: 57.20148 | U75: 656.5077 | V75: 499.5984
B76: 12 | C76: 11063 | D76: 111.7145 | E76: 135.9407 | F76: 104.4565 | G76: 143.0035 | H76: 94.11163 | I76: 117.0026 | J76: 691.8104 | K76: 512.767 | M76: 12 | N76: 2749 | O76: 111.8919 | P76: 72.31851 | Q76: 50.18775 | R76: 80.23092 | S76: 44 | T76: 57.01283 | U76: 692.6385 | V76: 509.5459
B77: 24 | C77: 11564 | D77: 112.4368 | E77: 132.8145 | F77: 111.6903 | G77: 137.5245 | H77: 101.6514 | I77: 119.7618 | J77: 693.1469 | K77: 516.2045 | M77: 24 | N77: 4164 | O77: 117.4295 | P77: 82.81889 | Q77: 65.52376 | R77: 85 | S77: 58.59181 | T77: 71.04018 | U77: 690.7109 | V77: 511.6463
B78: 36 | C78: 15233 | D78: 123.152 | E78: 145.4974 | F78: 134.3159 | G78: 156.0032 | H78: 123.9677 | I78: 137.7654 | J78: 691.5909 | K78: 512.5558 | M78: 36 | N78: 5384 | O78: 132.4276 | P78: 90.28076 | Q78: 77.89455 | R78: 102.1567 | S78: 62.64982 | T78: 80.98401 | U78: 693.4426 | V78: 509.8114
B79: 48 | C79: 14800 | D79: 117.8876 | E79: 144.4985 | F79: 131.3175 | G79: 156.0128 | H79: 121.5936 | I79: 135.8916 | J79: 691.2178 | K79: 514.1091 | M79: 48 | N79: 5178 | O79: 126.5744 | P79: 91.54591 | Q79: 73.60207 | R79: 97.41663 | S79: 59.61543 | T79: 79.20249 | U79: 689.4982 | V79: 514.4553
B81: Obj 5 - S | M81: Obj 5 - C
B82: t [h] | C82: Area | D82: Angle | E82: Axis (major) | F82: Axis (minor) | G82: Diameter (max) | H82: Diameter (min) | I82: Diameter (mean) | J82: Center-X (mass) | K82: Center-Y (mass) | M82: t [h] | N82: Area | O82: Angle | P82: Axis (major) | Q82: Axis (minor) | R82: Diameter (max) | S82: Diameter (min) | T82: Diameter (mean) | U82: Center-X (mass) | V82: Center-Y (mass)
B83: 0 | C83: 12049 | D83: 145.9188 | E83: 163.2621 | F83: 95.08054 | G83: 170.5579 | H83: 87.32124 | I83: 120.1946 | J83: 677.301 | K83: 506.8585 | M83: 0 | N83: 3772 | O83: 137.794 | P83: 109.1871 | Q83: 46.21661 | R83: 101.8332 | S83: 28.42534 | T83: 66.49837 | U83: 669.8874 | V83: 514.1092
B84: 12 | C84: 13811 | D84: 146.0533 | E84: 155.6945 | F84: 113.2645 | G84: 162.8895 | H84: 107.9352 | I84: 130.4898 | J84: 689.2388 | K84: 521.9998 | M84: 12 | N84: 3182 | O84: 160.9837 | P84: 88.41743 | Q84: 47.79244 | R84: 89.30846 | S84: 44.72136 | T84: 60.1952 | U84: 686.0427 | V84: 520.1193
B85: 24 | C85: 14781 | D85: 151.2484 | E85: 157.5122 | F85: 119.9015 | G85: 170.0735 | H85: 114.5469 | I85: 135.2643 | J85: 691.0656 | K85: 523.8235 | M85: 24 | N85: 5524 | O85: 130.545 | P85: 102.0091 | Q85: 70.08525 | R85: 107.0701 | S85: 68.15424 | T85: 81.79091 | U85: 692.895 | V85: 522.9265
B86: 36 | C86: 18107 | D86: 151.0678 | E86: 175.1692 | F86: 132.0454 | G86: 183.4121 | H86: 120.7394 | I86: 149.9356 | J86: 689.0636 | K86: 512.8115 | M86: 36 | N86: 7560 | O86: 139.5675 | P86: 124.4022 | Q86: 79.26278 | R86: 125.1599 | S86: 76.41989 | T86: 94.98697 | U86: 693.7722 | V86: 511.0363
B87: 48 | C87: 19154 | D87: 150.2989 | E87: 180.6692 | F87: 135.5431 | G87: 188.7882 | H87: 130.9084 | I87: 154.0955 | J87: 688.4647 | K87: 511.4501 | M87: 48 | N87: 7374 | O87: 141.5004 | P87: 123.9053 | Q87: 77.16105 | R87: 130.2498 | S87: 73.97973 | T87: 93.67104 | U87: 691.7338 | V87: 510.7404
B89: Obj 6 - S | M89: Obj 6 - C
B90: t [h] | C90: Area | D90: Angle | E90: Axis (major) | F90: Axis (minor) | G90: Diameter (max) | H90: Diameter (min) | I90: Diameter (mean) | J90: Center-X (mass) | K90: Center-Y (mass) | M90: t [h] | N90: Area | O90: Angle | P90: Axis (major) | Q90: Axis (minor) | R90: Diameter (max) | S90: Diameter (min) | T90: Diameter (mean) | U90: Center-X (mass) | V90: Center-Y (mass)
B91: 0 | C91: 9816 | D91: 35.44226 | E91: 121.3108 | F91: 103.2054 | G91: 122.9187 | H91: 100 | I91: 110.5863 | J91: 659.1701 | K91: 533.6723 | M91: 0 | N91: 3997 | O91: 83.09114 | P91: 79.22996 | Q91: 66.15427 | R91: 86.37129 | S91: 59 | T91: 69.62881 | U91: 662.4205 | V91: 526.3727
B92: 12 | C92: 13467 | D92: 13.04654 | E92: 137.0399 | F92: 126.4831 | G92: 148.3947 | H92: 117.72 | I92: 129.3298 | J92: 652.1688 | K92: 538.8353 | M92: 12 | N92: 4773 | O92: 27.44651 | P92: 87.61842 | Q92: 72.4773 | R92: 93.19334 | S92: 56.08921 | T92: 75.7602 | U92: 658.5963 | V92: 535.2889
B93: 24 | C93: 26610 | D93: 158.7578 | E93: 190.0338 | F93: 178.8742 | G93: 201.8044 | H93: 171.1198 | I93: 182.9357 | J93: 650.3475 | K93: 540.9551 | M93: 24 | N93: 10314 | O93: 155.4041 | P93: 119.3999 | Q93: 110.7439 | R93: 124.4026 | S93: 105.4751 | T93: 113.2423 | U93: 657.4547 | V93: 540.3668
B94: 36 | C94: 27169 | D94: 154.5161 | E94: 192.4786 | F94: 180.4919 | G94: 206.6349 | H94: 171.1432 | I94: 184.8609 | J94: 651.3927 | K94: 521.8622 | M94: 36 | N94: 10482 | O94: 54.76284 | P94: 119.0398 | Q94: 113.6763 | R94: 128.0039 | S94: 98.85848 | T94: 114.018 | U94: 651.408 | V94: 520.1133
B95: 48 | C95: 26664 | D95: 169.4725 | E95: 187.8273 | F95: 181.6005 | G95: 199.6422 | H95: 172.3514 | I95: 182.8605 | J95: 650.2858 | K95: 520.7758 | M95: 48 | N95: 9249 | O95: 85.97238 | P95: 112.0759 | Q95: 109.8242 | R95: 132.7742 | S95: 88.02273 | T95: 105.5543 | U95: 652.7301 | V95: 517.6671
B97: Obj 7 - S | M97: Obj 7 - C
B98: t [h] | C98: Area | D98: Angle | E98: Axis (major) | F98: Axis (minor) | G98: Diameter (max) | H98: Diameter (min) | I98: Diameter (mean) | J98: Center-X (mass) | K98: Center-Y (mass) | M98: t [h] | N98: Area | O98: Angle | P98: Axis (major) | Q98: Axis (minor) | R98: Diameter (max) | S98: Diameter (min) | T98: Diameter (mean) | U98: Center-X (mass) | V98: Center-Y (mass)
B99: 0 | C99: 12974 | D99: 167.4887 | E99: 129.3726 | F99: 127.9624 | G99: 136.1249 | H99: 119.8541 | I99: 127.5645 | J99: 629.8814 | K99: 528.7304 | M99: 0 | N99: 4467 | O99: 152.1268 | P99: 83.10839 | Q99: 70.82449 | R99: 92.96236 | S99: 60.44005 | T99: 73.42812 | U99: 620.7337 | V99: 527.8112
B100: 12 | C100: 14311 | D100: 147.0703 | E100: 148.4282 | F100: 124.0307 | G100: 174.4706 | H100: 117.3243 | I100: 133.7282 | J100: 635.6131 | K100: 530.7958 | M100: 12 | N100: 5459 | O100: 161.2364 | P100: 93.22397 | Q100: 75.21938 | R100: 98.27003 | S100: 67.72001 | T100: 81.9164 | U100: 634.3589 | V100: 531.2984
B101: 24 | C101: 38101 | D101: 145.7236 | E101: 242.6139 | F101: 200.6096 | G101: 252.8755 | H101: 199.4843 | I101: 218.7278 | J101: 630.1495 | K101: 527.738 | M101: 24 | N101: 12878 | O101: 160.6675 | P101: 132.0721 | Q101: 124.768 | R101: 139.6066 | S101: 117.5968 | T101: 126.6938 | U101: 636.0407 | V101: 526.8504
B102: 36 | C102: 38264 | D102: 147.7055 | E102: 240.769 | F102: 203.1607 | G102: 248.2197 | H102: 199.4242 | I102: 219.184 | J102: 628.5419 | K102: 525.736 | M102: 36 | N102: 11618 | O102: 140.3477 | P102: 126.0667 | Q102: 117.9576 | R102: 131.6435 | S102: 111.7721 | T102: 120.4033 | U102: 635.7894 | V102: 525.0275
B103: 48 | C103: 38775 | D103: 149.9468 | E103: 241.8022 | F103: 204.7543 | G103: 249.3532 | H103: 202.2004 | I103: 220.6209 | J103: 628.435 | K103: 529.6523 | M103: 48 | N103: 10938 | O103: 155.3117 | P103: 131.1891 | Q103: 106.9841 | R103: 141.3542 | S103: 99.82484 | T103: 116.3707 | U103: 625.4631 | V103: 533.4011
B105: Obj 8 - S | M105: Obj 8 - C
B106: t [h] | C106: Area | D106: Angle | E106: Axis (major) | F106: Axis (minor) | G106: Diameter (max) | H106: Diameter (min) | I106: Diameter (mean) | J106: Center-X (mass) | K106: Center-Y (mass) | M106: t [h] | N106: Area | O106: Angle | P106: Axis (major) | Q106: Axis (minor) | R106: Diameter (max) | S106: Diameter (min) | T106: Diameter (mean) | U106: Center-X (mass) | V106: Center-Y (mass)
B107: 0 | C107: 5893 | D107: 34.31285 | E107: 92.42835 | F107: 81.52291 | G107: 92.63369 | H107: 78.1601 | I107: 85.4992 | J107: 703.5402 | K107: 526.4125 | M107: 0 | N107: 1813 | O107: 37.54486 | P107: 60.47 | Q107: 41.47056 | R107: 62.1289 | S107: 21.93171 | T107: 45.88535 | U107: 708.0295 | V107: 530.0106
B108: 12 | C108: 8910 | D108: 20.62013 | E108: 115.8892 | F108: 98.66889 | G108: 128.6934 | H108: 93.723 | I108: 105.35 | J108: 693.3678 | K108: 538.1503 | M108: 12 | N108: 2189 | O108: 29.02144 | P108: 61.31037 | Q108: 47.0891 | R108: 63.50591 | S108: 41.97618 | T108: 50.73395 | U108: 697.049 | V108: 535.6339
B109: 24 | C109: 14688 | D109: 20.58123 | E109: 152.786 | F109: 123.2456 | G109: 168.8846 | H109: 121.2353 | I109: 135.3336 | J109: 694.2197 | K109: 539.9377 | M109: 24 | N109: 5075 | O109: 167.8834 | P109: 88.44884 | Q109: 74.95785 | R109: 94.02127 | S109: 67.72001 | T109: 78.63418 | U109: 691.0887 | V109: 537.4766
B110: 36 | C110: 15190 | D110: 19.01439 | E110: 147.3501 | F110: 131.8425 | G110: 154.7385 | H110: 120.9339 | I110: 137.7467 | J110: 656.285 | K110: 541.4001 | M110: 36 | N110: 5621 | O110: 169.0593 | P110: 91.23743 | Q110: 80.11103 | R110: 95.90099 | S110: 68.88396 | T110: 83.00803 | U110: 649.759 | V110: 544.9749
B111: 48 | C111: 15717 | D111: 19.58193 | E111: 149.5189 | F111: 134.2011 | G111: 156.5184 | H111: 130.05 | I111: 140.2381 | J111: 657.078 | K111: 543.9594 | M111: 48 | N111: 5290 | O111: 175.3575 | P111: 90.39469 | Q111: 77.20604 | R111: 95.2103 | S111: 66.24198 | T111: 79.89545 | U111: 651.5384 | V111: 547.3936
B113: Obj 9 - S | M113: Obj 9 - C
B114: t [h] | C114: Area | D114: Angle | E114: Axis (major) | F114: Axis (minor) | G114: Diameter (max) | H114: Diameter (min) | I114: Diameter (mean) | J114: Center-X (mass) | K114: Center-Y (mass) | M114: t [h] | N114: Area | O114: Angle | P114: Axis (major) | Q114: Axis (minor) | R114: Diameter (max) | S114: Diameter (min) | T114: Diameter (mean) | U114: Center-X (mass) | V114: Center-Y (mass)
B115: 0 | C115: 12257 | D115: 52.26022 | E115: 143.9523 | F115: 111.3745 | G115: 190.2761 | H115: 109.7725 | I115: 122.9262 | J115: 607.6151 | K115: 470.4243 | M115: 0 | N115: 4763 | O115: 35.98418 | P115: 94.20789 | Q115: 65.5313 | R115: 102.9417 | S115: 57.00877 | T115: 75.81152 | U115: 604.8266 | V115: 469.6174
B116: 12 | C116: 16995 | D116: 44.83106 | E116: 173.1754 | F116: 128.3797 | G116: 205.061 | H116: 126.4634 | I116: 144.4779 | J116: 614.9724 | K116: 471.788 | M116: 12 | N116: 4707 | O116: 42.68907 | P116: 96.06676 | Q116: 64.20687 | R116: 99.35794 | S116: 55.15433 | T116: 74.98348 | U116: 613.0784 | V116: 473.6473
B117: 24 | C117: 32556 | D117: 61.29942 | E117: 214.2103 | F117: 194.1339 | G117: 224.9022 | H117: 185.6987 | I117: 202.1496 | J117: 611.379 | K117: 478.6071 | M117: 24 | N117: 10807 | O117: 14.54174 | P117: 125.3595 | Q117: 111.1925 | R117: 131.9735 | S117: 90.82401 | T117: 115.5718 | U117: 625.0764 | V117: 476.7679
...

Sheet Average
A1: 5x [um/Pxl] | B1: 1.2107986
A3: Shell area | G3: Core area
A4: t [h] | B4: Area, Pxl^2 | C4: Area, μ^2 | D4: A/A0 | E4: SEM | G4: t [h] | H4: Area, Pxl^2 | I4: Area, μ^2 | J4: A/A0 | K4: SEM
A5: 0 | B5: =AVERAGE('CTRL Condition'!C7,'CTRL Condition'!C15,'CTRL Condition'!C23,'CTRL Condition'!C31,'CTRL Condition'!C39,'CTRL Condition'!C47,'CTRL Condition'!C55,'CTRL Condition'!C63,'CTRL Condition'!C71,'CTRL Condition'!C79,'CTRL Condition'!C87,'CTRL Condition'!C95,'CTRL Condition'!C103,'CTRL Condition'!C111,'CTRL Condition'!C119,'CTRL Condition'!C127,'CTRL Condition'!C135,'CTRL Condition'!C143,'CTRL Condition'!C151,'CTRL Condition'!C159,'CTRL Condition'!C167,'CTRL Condition'!C177,'CTRL Condition'!C185,'CTRL Condition'!C193) -> 21688.75 | C5: =B5*$B$1^2 -> 31796.428 | D5: =C5/C$5 -> 1 | E5: =STDEV('CTRL Condition'!C7,'CTRL Condition'!C15,'CTRL Condition'!C23,'CTRL Condition'!C31,'CTRL Condition'!C39,'CTRL Condition'!C47,'CTRL Condition'!C55,'CTRL Condition'!C63,'CTRL Condition'!C71,'CTRL Condition'!C79,'CTRL Condition'!C87,'CTRL Condition'!C95,'CTRL Condition'!C103,'CTRL Condition'!C111,'CTRL Condition'!C119,'CTRL Condition'!C127,'CTRL Condition'!C135,'CTRL Condition'!C143,'CTRL Condition'!C151,'CTRL Condition'!C159,'CTRL Condition'!C167,'CTRL Condition'!C177,'CTRL Condition'!C185,'CTRL Condition'!C193)*B$1*B$1/SQRT(COUNT('CTRL Condition'!C7,'CTRL Condition'!C15,'CTRL Condition'!C23,'CTRL Condition'!C31,'CTRL Condition'!C39,'CTRL Condition'!C47,'CTRL Condition'!C55,'CTRL Condition'!C63,'CTRL Condition'!C71,'CTRL Condition'!C79,'CTRL Condition'!C87,'CTRL Condition'!C95,'CTRL Condition'!C103,'CTRL Condition'!C111,'CTRL Condition'!C119,'CTRL Condition'!C127,'CTRL Condition'!C135,'CTRL Condition'!C143,'CTRL Condition'!C151,'CTRL Condition'!C159,'CTRL Condition'!C167,'CTRL Condition'!C177,'CTRL Condition'!C185,'CTRL Condition'!C193)) -> 1496.2386 | G5: 0 | H5: =AVERAGE('CTRL Condition'!N7,'CTRL Condition'!N15,'CTRL Condition'!N23,'CTRL Condition'!N31,'CTRL Condition'!N39,'CTRL Condition'!N47,'CTRL Condition'!N55,'CTRL Condition'!N63,'CTRL Condition'!N71,'CTRL Condition'!N79,'CTRL Condition'!N87,'CTRL Condition'!N95,'CTRL Condition'!N103,'CTRL Condition'!N111,'CTRL Condition'!N119,'CTRL Condition'!N127,'CTRL Condition'!N135,'CTRL Condition'!N143,'CTRL Condition'!N151,'CTRL Condition'!N159,'CTRL Condition'!N167,'CTRL Condition'!N177,'CTRL Condition'!N185,'CTRL Condition'!N193) -> 7551.7917 | I5: =H5*$B$1^2 -> 11071.177 | J5: =I5/I$5 -> 1 | K5: =STDEV('CTRL Condition'!N7,'CTRL Condition'!N15,'CTRL Condition'!N23,'CTRL Condition'!N31,'CTRL Condition'!N39,'CTRL Condition'!N47,'CTRL Condition'!N55,'CTRL Condition'!N63,'CTRL Condition'!N71,'CTRL Condition'!N79,'CTRL Condition'!N87,'CTRL Condition'!N95,'CTRL Condition'!N103,'CTRL Condition'!N111,'CTRL Condition'!N119,'CTRL Condition'!N127,'CTRL Condition'!N135,'CTRL Condition'!N143,'CTRL Condition'!N151,'CTRL Condition'!N159,'CTRL Condition'!N167,'CTRL Condition'!N177,'CTRL Condition'!N185,'CTRL Condition'!N193)/SQRT(COUNT('CTRL Condition'!N7,'CTRL Condition'!N15,'CTRL Condition'!N23,'CTRL Condition'!N31,'CTRL Condition'!N39,'CTRL Condition'!N47,'CTRL Condition'!N55,'CTRL Condition'!N63,'CTRL Condition'!N71,'CTRL Condition'!N79,'CTRL Condition'!N87,'CTRL Condition'!N95,'CTRL Condition'!N103,'CTRL Condition'!N111,'CTRL Condition'!N119,'CTRL Condition'!N127,'CTRL Condition'!N135,'CTRL Condition'!N143,'CTRL Condition'!N151,'CTRL Condition'!N159,'CTRL Condition'!N167,'CTRL Condition'!N177,'CTRL Condition'!N185,'CTRL Condition'!N193))*B$1*B$1 -> 777.72338
A6: 12 | B6: =AVERAGE('CTRL Condition'!C8,'CTRL Condition'!C16,'CTRL Condition'!C24,'CTRL Condition'!C32,'CTRL Condition'!C40,'CTRL Condition'!C48,'CTRL Condition'!C56,'CTRL Condition'!C64,'CTRL Condition'!C72,'CTRL Condition'!C80,'CTRL Condition'!C88,'CTRL Condition'!C96,'CTRL Condition'!C104,'CTRL Condition'!C112,'CTRL Condition'!C120,'CTRL Condition'!C128,'CTRL Condition'!C136,'CTRL Condition'!C144,'CTRL Condition'!C152,'CTRL Condition'!C160,'CTRL Condition'!C168,'CTRL Condition'!C178,'CTRL Condition'!C186,'CTRL Condition'!C194) -> 33713 | C6: =B6*$B$1^2 -> 49424.377 | D6: =C6/C$5 -> 1.5544003 | E6: =STDEV('CTRL Condition'!C8,'CTRL Condition'!C16,'CTRL Condition'!C24,'CTRL Condition'!C32,'CTRL Condition'!C40,'CTRL Condition'!C48,'CTRL Condition'!C56,'CTRL Condition'!C64,'CTRL Condition'!C72,'CTRL Condition'!C80,'CTRL Condition'!C88,'CTRL Condition'!C96,'CTRL Condition'!C104,'CTRL Condition'!C112,'CTRL Condition'!C120,'CTRL Condition'!C128,'CTRL Condition'!C136,'CTRL Condition'!C144,'CTRL Condition'!C152,'CTRL Condition'!C160,'CTRL Condition'!C168,'CTRL Condition'!C178,'CTRL Condition'!C186,'CTRL Condition'!C194)*B$1*B$1/SQRT(COUNT('CTRL Condition'!C8,'CTRL Condition'!C16,'CTRL Condition'!C24,'CTRL Condition'!C32,'CTRL Condition'!C40,'CTRL Condition'!C48,'CTRL Condition'!C56,'CTRL Condition'!C64,'CTRL Condition'!C72,'CTRL Condition'!C80,'CTRL Condition'!C88,'CTRL Condition'!C96,'CTRL Condition'!C104,'CTRL Condition'!C112,'CTRL Condition'!C120,'CTRL Condition'!C128,'CTRL Condition'!C136,'CTRL Condition'!C144,'CTRL Condition'!C152,'CTRL Condition'!C160,'CTRL Condition'!C168,'CTRL Condition'!C178,'CTRL Condition'!C186,'CTRL Condition'!C194)) -> 2419.3918 | G6: 12 | H6: =AVERAGE('CTRL Condition'!N8,'CTRL Condition'!N16,'CTRL Condition'!N24,'CTRL Condition'!N32,'CTRL Condition'!N40,'CTRL Condition'!N48,'CTRL Condition'!N56,'CTRL Condition'!N64,'CTRL Condition'!N72,'CTRL Condition'!N80,'CTRL Condition'!N88,'CTRL Condition'!N96,'CTRL Condition'!N104,'CTRL Condition'!N112,'CTRL Condition'!N120,'CTRL Condition'!N128,'CTRL Condition'!N136,'CTRL Condition'!N144,'CTRL Condition'!N152,'CTRL Condition'!N160,'CTRL Condition'!N168,'CTRL Condition'!N178,'CTRL Condition'!N186,'CTRL Condition'!N194) -> 11091.208 | I6: =H6*$B$1^2 -> 16260.08 | J6: =I6/I$5 -> 1.4686857 | K6: =STDEV('CTRL Condition'!N8,'CTRL Condition'!N16,'CTRL Condition'!N24,'CTRL Condition'!N32,'CTRL Condition'!N40,'CTRL Condition'!N48,'CTRL Condition'!N56,'CTRL Condition'!N64,'CTRL Condition'!N72,'CTRL Condition'!N80,'CTRL Condition'!N88,'CTRL Condition'!N96,'CTRL Condition'!N104,'CTRL Condition'!N112,'CTRL Condition'!N120,'CTRL Condition'!N128,'CTRL Condition'!N136,'CTRL Condition'!N144,'CTRL Condition'!N152,'CTRL Condition'!N160,'CTRL Condition'!N168,'CTRL Condition'!N178,'CTRL Condition'!N186,'CTRL Condition'!N194)/SQRT(COUNT('CTRL Condition'!N8,'CTRL Condition'!N16,'CTRL Condition'!N24,'CTRL Condition'!N32,'CTRL Condition'!N40,'CTRL Condition'!N48,'CTRL Condition'!N56,'CTRL Condition'!N64,'CTRL Condition'!N72,'CTRL Condition'!N80,'CTRL Condition'!N88,'CTRL Condition'!N96,'CTRL Condition'!N104,'CTRL Condition'!N112,'CTRL Condition'!N120,'CTRL Condition'!N128,'CTRL Condition'!N136,'CTRL Condition'!N144,'CTRL Condition'!N152,'CTRL Condition'!N160,'CTRL Condition'!N168,'CTRL Condition'!N178,'CTRL Condition'!N186,'CTRL Condition'!N194))*B$1*B$1 -> 1078.7772
A7: 24 | B7: =AVERAGE('CTRL Condition'!C9,'CTRL Condition'!C17,'CTRL Condition'!C25,'CTRL Condition'!C33,'CTRL Condition'!C41,'CTRL Condition'!C49,'CTRL Condition'!C57,'CTRL Condition'!C65,'CTRL Condition'!C73,'CTRL Condition'!C81,'CTRL Condition'!C89,'CTRL Condition'!C97,'CTRL Condition'!C105,'CTRL Condition'!C113,'CTRL Condition'!C121,'CTRL Condition'!C129,'CTRL Condition'!C137,'CTRL Condition'!C145,'CTRL Condition'!C153,'CTRL Condition'!C161,'CTRL Condition'!C169,'CTRL Condition'!C179,'CTRL Condition'!C187,'CTRL Condition'!C195) -> 52215.458 | C7: =B7*$B$1^2 -> 76549.595 | D7: =C7/C$5 -> 2.4074904 | E7: =STDEV('CTRL Condition'!C9,'CTRL Condition'!C17,'CTRL Condition'!C25,'CTRL Condition'!C33,'CTRL Condition'!C41,'CTRL Condition'!C49,'CTRL Condition'!C57,'CTRL Condition'!C65,'CTRL Condition'!C73,'CTRL Condition'!C81,'CTRL Condition'!C89,'CTRL Condition'!C97,'CTRL Condition'!C105,'CTRL Condition'!C113,'CTRL Condition'!C121,'CTRL Condition'!C129,'CTRL Condition'!C137,'CTRL Condition'!C145,'CTRL Condition'!C153,'CTRL Condition'!C161,'CTRL Condition'!C169,'CTRL Condition'!C179,'CTRL Condition'!C187,'CTRL Condition'!C195)*B$1*B$1/SQRT(COUNT('CTRL Condition'!C9,'CTRL Condition'!C17,'CTRL Condition'!C25,'CTRL Condition'!C33,'CTRL Condition'!C41,'CTRL Condition'!C49,'CTRL Condition'!C57,'CTRL Condition'!C65,'CTRL Condition'!C73,'CTRL Condition'!C81,'CTRL Condition'!C89,'CTRL Condition'!C97,'CTRL Condition'!C105,'CTRL Condition'!C113,'CTRL Condition'!C121,'CTRL Condition'!C129,'CTRL Condition'!C137,'CTRL Condition'!C145,'CTRL Condition'!C153,'CTRL Condition'!C161,'CTRL Condition'!C169,'CTRL Condition'!C179,'CTRL Condition'!C187,'CTRL Condition'!C195)) -> 3898.5583 | G7: 24 | H7: =AVERAGE('CTRL Condition'!N9,'CTRL Condition'!N17,'CTRL Condition'!N25,'CTRL Condition'!N33,'CTRL Condition'!N41,'CTRL Condition'!N49,'CTRL Condition'!N57,'CTRL Condition'!N65,'CTRL Condition'!N73,'CTRL Condition'!N81,'CTRL Condition'!N89,'CTRL Condition'!N97,'CTRL Condition'!N105,'CTRL Condition'!N113,'CTRL Condition'!N121,'CTRL Condition'!N129,'CTRL Condition'!N137,'CTRL Condition'!N145,'CTRL Condition'!N153,'CTRL Condition'!N161,'CTRL Condition'!N169,'CTRL Condition'!N179,'CTRL Condition'!N187,'CTRL Condition'!N195) -> 15342.375 | I7: =H7*$B$1^2 -> 22492.431 | J7: =I7/I$5 -> 2.0316205 | K7: =STDEV('CTRL Condition'!N9,'CTRL Condition'!N17,'CTRL Condition'!N25,'CTRL Condition'!N33,'CTRL Condition'!N41,'CTRL Condition'!N49,'CTRL Condition'!N57,'CTRL Condition'!N65,'CTRL Condition'!N73,'CTRL Condition'!N81,'CTRL Condition'!N89,'CTRL Condition'!N97,'CTRL Condition'!N105,'CTRL Condition'!N113,'CTRL Condition'!N121,'CTRL Condition'!N129,'CTRL Condition'!N137,'CTRL Condition'!N145,'CTRL Condition'!N153,'CTRL Condition'!N161,'CTRL Condition'!N169,'CTRL Condition'!N179,'CTRL Condition'!N187,'CTRL Condition'!N195)/SQRT(COUNT('CTRL Condition'!N9,'CTRL Condition'!N17,'CTRL Condition'!N25,'CTRL Condition'!N33,'CTRL Condition'!N41,'CTRL Condition'!N49,'CTRL Condition'!N57,'CTRL Condition'!N65,'CTRL Condition'!N73,'CTRL Condition'!N81,'CTRL Condition'!N89,'CTRL Condition'!N97,'CTRL Condition'!N105,'CTRL Condition'!N113,'CTRL Condition'!N121,'CTRL Condition'!N129,'CTRL Condition'!N137,'CTRL Condition'!N145,'CTRL Condition'!N153,'CTRL Condition'!N161,'CTRL Condition'!N169,'CTRL Condition'!N179,'CTRL Condition'!N187,'CTRL Condition'!N195))*B$1*B$1 -> 1333.4893
A8: 36 | B8: =AVERAGE('CTRL Condition'!C10,'CTRL Condition'!C18,'CTRL Condition'!C26,'CTRL Condition'!C34,'CTRL Condition'!C42,'CTRL Condition'!C50,'CTRL Condition'!C58,'CTRL Condition'!C66,'CTRL Condition'!C74,'CTRL Condition'!C82,'CTRL Condition'!C90,'CTRL Condition'!C98,'CTRL Condition'!C106,'CTRL Condition'!C114,'CTRL Condition'!C122,'CTRL Condition'!C130,'CTRL Condition'!C138,'CTRL Condition'!C146,'CTRL Condition'!C154,'CTRL Condition'!C162,'CTRL Condition'!C170,'CTRL Condition'!C180,'CTRL Condition'!C188,'CTRL Condition'!C196) -> 51604.958 | C8: =B8*$B$1^2 -> 75654.582 | D8: =C8/C$5 -> 2.3793422 | E8: =STDEV('CTRL Condition'!C10,'CTRL Condition'!C18,'CTRL Condition'!C26,'CTRL Condition'!C34,'CTRL Condition'!C42,'CTRL Condition'!C50,'CTRL Condition'!C58,'CTRL Condition'!C66,'CTRL Condition'!C74,'CTRL Condition'!C82,'CTRL Condition'!C90,'CTRL Condition'!C98,'CTRL Condition'!C106,'CTRL Condition'!C114,'CTRL Condition'!C122,'CTRL Condition'!C130,'CTRL Condition'!C138,'CTRL Condition'!C146,'CTRL Condition'!C154,'CTRL Condition'!C162,'CTRL Condition'!C170,'CTRL Condition'!C180,'CTRL Condition'!C188,'CTRL Condition'!C196)*B$1*B$1/SQRT(COUNT('CTRL Condition'!C10,'CTRL Condition'!C18,'CTRL Condition'!C26,'CTRL Condition'!C34,'CTRL Condition'!C42,'CTRL Condition'!C50,'CTRL Condition'!C58,'CTRL Condition'!C66,'CTRL Condition'!C74,'CTRL Condition'!C82,'CTRL Condition'!C90,'CTRL Condition'!C98,'CTRL Condition'!C106,'CTRL Condition'!C114,'CTRL Condition'!C122,'CTRL Condition'!C130,'CTRL Condition'!C138,'CTRL Condition'!C146,'CTRL Condition'!C154,'CTRL Condition'!C162,'CTRL Condition'!C170,'CTRL Condition'!C180,'CTRL Condition'!C188,'CTRL Condition'!C196)) -> 3875.2852 | G8: 36 | H8: =AVERAGE('CTRL Condition'!N10,'CTRL Condition'!N18,'CTRL Condition'!N26,'CTRL Condition'!N34,'CTRL Condition'!N42,'CTRL Condition'!N50,'CTRL Condition'!N58,'CTRL Condition'!N66,'CTRL Condition'!N74,'CTRL Condition'!N82,'CTRL Condition'!N90,'CTRL Condition'!N98,'CTRL Condition'!N106,'CTRL Condition'!N114,'CTRL Condition'!N122,'CTRL Condition'!N130,'CTRL Condition'!N138,'CTRL Condition'!N146,'CTRL Condition'!N154,'CTRL Condition'!N162,'CTRL Condition'!N170,'CTRL Condition'!N180,'CTRL Condition'!N188,'CTRL Condition'!N196) -> 15432.5 | I8: =H8*$B$1^2 -> 22624.557 | J8: =I8/I$5 -> 2.0435548 | K8: =STDEV('CTRL Condition'!N10,'CTRL Condition'!N18,'CTRL Condition'!N26,'CTRL Condition'!N34,'CTRL Condition'!N42,'CTRL Condition'!N50,'CTRL Condition'!N58,'CTRL Condition'!N66,'CTRL Condition'!N74,'CTRL Condition'!N82,'CTRL Condition'!N90,'CTRL Condition'!N98,'CTRL Condition'!N106,'CTRL Condition'!N114,'CTRL Condition'!N122,'CTRL Condition'!N130,'CTRL Condition'!N138,'CTRL Condition'!N146,'CTRL Condition'!N154,'CTRL Condition'!N162,'CTRL Condition'!N170,'CTRL Condition'!N180,'CTRL Condition'!N188,'CTRL Condition'!N196)/SQRT(COUNT('CTRL Condition'!N10,'CTRL Condition'!N18,'CTRL Condition'!N26,'CTRL Condition'!N34,'CTRL Condition'!N42,'CTRL Condition'!N50,'CTRL Condition'!N58,'CTRL Condition'!N66,'CTRL Condition'!N74,'CTRL Condition'!N82,'CTRL Condition'!N90,'CTRL Condition'!N98,'CTRL Condition'!N106,'CTRL Condition'!N114,'CTRL Condition'!N122,'CTRL Condition'!N130,'CTRL Condition'!N138,'CTRL Condition'!N146,'CTRL Condition'!N154,'CTRL Condition'!N162,'CTRL Condition'!N170,'CTRL Condition'!N180,'CTRL Condition'!N188,'CTRL Condition'!N196))*B$1*B$1 -> 1570.4603
A9: 48 | B9: =AVERAGE('CTRL Condition'!C11,'CTRL Condition'!C19,'CTRL Condition'!C27,'CTRL Condition'!C35,'CTRL Condition'!C43,'CTRL Condition'!C51,'CTRL Condition'!C59,'CTRL Condition'!C67,'CTRL Condition'!C75,'CTRL Condition'!C83,'CTRL Condition'!C91,'CTRL Condition'!C99,'CTRL Condition'!C107,'CTRL Condition'!C115,'CTRL Condition'!C123,'CTRL Condition'!C131,'CTRL Condition'!C139,'CTRL Condition'!C147,'CTRL Condition'!C155,'CTRL Condition'!C163,'CTRL Condition'!C171,'CTRL Condition'!C181,'CTRL Condition'!C189,'CTRL Condition'!C197) -> 51733.667 | C9: =B9*$B$1^2 -> 75843.273 | D9: =C9/C$5 -> 2.3852765 | E9: =STDEV('CTRL Condition'!C11,'CTRL Condition'!C19,'CTRL Condition'!C27,'CTRL Condition'!C35,'CTRL Condition'!C43,'CTRL Condition'!C51,'CTRL Condition'!C59,'CTRL Condition'!C67,'CTRL Condition'!C75,'CTRL Condition'!C83,'CTRL Condition'!C91,'CTRL Condition'!C99,'CTRL Condition'!C107,'CTRL Condition'!C115,'CTRL Condition'!C123,'CTRL Condition'!C131,'CTRL Condition'!C139,'CTRL Condition'!C147,'CTRL Condition'!C155,'CTRL Condition'!C163,'CTRL Condition'!C171,'CTRL Condition'!C181,'CTRL Condition'!C189,'CTRL Condition'!C197)*B$1*B$1/SQRT(COUNT('CTRL Condition'!C11,'CTRL Condition'!C19,'CTRL Condition'!C27,'CTRL Condition'!C35,'CTRL Condition'!C43,'CTRL Condition'!C51,'CTRL Condition'!C59,'CTRL Condition'!C67,'CTRL Condition'!C75,'CTRL Condition'!C83,'CTRL Condition'!C91,'CTRL Condition'!C99,'CTRL Condition'!C107,'CTRL Condition'!C115,'CTRL Condition'!C123,'CTRL Condition'!C131,'CTRL Condition'!C139,'CTRL Condition'!C147,'CTRL Condition'!C155,'CTRL Condition'!C163,'CTRL Condition'!C171,'CTRL Condition'!C181,'CTRL Condition'!C189,'CTRL Condition'!C197)) -> 3771.1641 | G9: 48 | H9: =AVERAGE('CTRL Condition'!N11,'CTRL Condition'!N19,'CTRL Condition'!N27,'CTRL Condition'!N35,'CTRL Condition'!N43,'CTRL Condition'!N51,'CTRL Condition'!N59,'CTRL Condition'!N67,'CTRL Condition'!N75,'CTRL Condition'!N83,'CTRL Condition'!N91,'CTRL Condition'!N99,'CTRL Condition'!N107,'CTRL Condition'!N115,'CTRL Condition'!N123,'CTRL Condition'!N131,'CTRL Condition'!N139,'CTRL Condition'!N147,'CTRL Condition'!N155,'CTRL Condition'!N163,'CTRL Condition'!N171,'CTRL Condition'!N181,'CTRL Condition'!N189,'CTRL Condition'!N197) -> 16277.75 | I9: =H9*$B$1^2 -> 23863.722 | J9: =I9/I$5 -> 2.1554819 | K9: =STDEV('CTRL Condition'!N11,'CTRL Condition'!N19,'CTRL Condition'!N27,'CTRL Condition'!N35,'CTRL Condition'!N43,'CTRL Condition'!N51,'CTRL Condition'!N59,'CTRL Condition'!N67,'CTRL Condition'!N75,'CTRL Condition'!N83,'CTRL Condition'!N91,'CTRL Condition'!N99,'CTRL Condition'!N107,'CTRL Condition'!N115,'CTRL Condition'!N123,'CTRL Condition'!N131,'CTRL Condition'!N139,'CTRL Condition'!N147,'CTRL Condition'!N155,'CTRL Condition'!N163,'CTRL Condition'!N171,'CTRL Condition'!N181,'CTRL Condition'!N189,'CTRL Condition'!N197)/SQRT(COUNT('CTRL Condition'!N11,'CTRL Condition'!N19,'CTRL Condition'!N27,'CTRL Condition'!N35,'CTRL Condition'!N43,'CTRL Condition'!N51,'CTRL Condition'!N59,'CTRL Condition'!N67,'CTRL Condition'!N75,'CTRL Condition'!N83,'CTRL Condition'!N91,'CTRL Condition'!N99,'CTRL Condition'!N107,'CTRL Condition'!N115,'CTRL Condition'!N123,'CTRL Condition'!N131,'CTRL Condition'!N139,'CTRL Condition'!N147,'CTRL Condition'!N155,'CTRL Condition'!N163,'CTRL Condition'!N171,'CTRL Condition'!N181,'CTRL Condition'!N189,'CTRL Condition'!N197))*B$1*B$1 -> 1502.0558
A11: Shell area | G11: Core area
A12: t [h] | B12: Area, Pxl^2 | C12: Area, μ^2 | D12: A/A0 | E12: SEM | G12: t [h] | H12: Area, Pxl^2 | I12: Area, μ^2 | J12: A/A0 | K12: SEM
A13: 0 | B13: =AVERAGE('Gradient condition'!C9,'Gradient condition'!C17,'Gradient condition'!C25,'Gradient condition'!C33,'Gradient condition'!C41,'Gradient condition'!C51,'Gradient condition'!C59,'Gradient condition'!C67,'Gradient condition'!C75,'Gradient condition'!C83,'Gradient condition'!C91,'Gradient condition'!C99,'Gradient condition'!C107,'Gradient condition'!C115) -> 18394.643 | C13: =B13*$B$1^2 -> 26967.157 | D13: =C13/C$13 -> 1 | E13: =STDEV('Gradient condition'!C9,'Gradient condition'!C17,'Gradient condition'!C25,'Gradient condition'!C33,'Gradient condition'!C41,'Gradient condition'!C51,'Gradient condition'!C59,'Gradient condition'!C67,'Gradient condition'!C75,'Gradient condition'!C83,'Gradient condition'!C91,'Gradient condition'!C99,'Gradient condition'!C107,'Gradient condition'!C115)/SQRT(COUNT('Gradient condition'!C9,'Gradient condition'!C17,'Gradient condition'!C25,'Gradient condition'!C33,'Gradient condition'!C41,'Gradient condition'!C51,'Gradient condition'!C59,'Gradient condition'!C67,'Gradient condition'!C75,'Gradient condition'!C83,'Gradient condition'!C91,'Gradient condition'!C99,'Gradient condition'!C107,'Gradient condition'!C115))*B$1*B$1 -> 4862.8408 | G13: 0 | H13: =AVERAGE('Gradient condition'!N9,'Gradient condition'!N17,'Gradient condition'!N25,'Gradient condition'!N33,'Gradient condition'!N41,'Gradient condition'!N51,'Gradient condition'!N59,'Gradient condition'!N67,'Gradient condition'!N75,'Gradient condition'!N83,'Gradient condition'!N91,'Gradient condition'!N99,'Gradient condition'!N107,'Gradient condition'!N115) -> 7749.5 | I13: =H13*$B$1^2 -> 11361.024 | J13: =I13/I$13 -> 1 | K13: =STDEV('Gradient condition'!N9,'Gradient condition'!N17,'Gradient condition'!N25,'Gradient condition'!N33,'Gradient condition'!N41,'Gradient condition'!N51,'Gradient condition'!N59,'Gradient condition'!N67,'Gradient condition'!N75,'Gradient condition'!N83,'Gradient condition'!N91,'Gradient condition'!N99,'Gradient condition'!N107,'Gradient condition'!N115)/SQRT(COUNT('Gradient condition'!N9,'Gradient condition'!N17,'Gradient condition'!N25,'Gradient condition'!N33,'Gradient condition'!N41,'Gradient condition'!N51,'Gradient condition'!N59,'Gradient condition'!N67,'Gradient condition'!N75,'Gradient condition'!N83,'Gradient condition'!N91,'Gradient condition'!N99,'Gradient condition'!N107,'Gradient condition'!N115))*B$1*B$1 -> 2614.4093
A14: 12 | B14: =AVERAGE('Gradient condition'!C10,'Gradient condition'!C18,'Gradient condition'!C26,'Gradient condition'!C34,'Gradient condition'!C42,'Gradient condition'!C52,'Gradient condition'!C60,'Gradient condition'!C68,'Gradient condition'!C76,'Gradient condition'!C84,'Gradient condition'!C92,'Gradient condition'!C100,'Gradient condition'!C108,'Gradient condition'!C116) -> 28894.857 | C14: =B14*$B$1^2 -> 42360.82 | D14: =C14/C$13 -> 1.57083 | E14: =STDEV('Gradient condition'!C10,'Gradient condition'!C18,'Gradient condition'!C26,'Gradient condition'!C34,'Gradient condition'!C42,'Gradient condition'!C52,'Gradient condition'!C60,'Gradient condition'!C68,'Gradient condition'!C76,'Gradient condition'!C84,'Gradient condition'!C92,'Gradient condition'!C100,'Gradient condition'!C108,'Gradient condition'!C116)/SQRT(COUNT('Gradient condition'!C10,'Gradient condition'!C18,'Gradient condition'!C26,'Gradient condition'!C34,'Gradient condition'!C42,'Gradient condition'!C52,'Gradient condition'!C60,'Gradient condition'!C68,'Gradient condition'!C76,'Gradient condition'!C84,'Gradient condition'!C92,'Gradient condition'!C100,'Gradient condition'!C108,'Gradient condition'!C116))*B$1*B$1 -> 9248.3276 | G14: 12 | H14: =AVERAGE('Gradient condition'!N10,'Gradient condition'!N18,'Gradient condition'!N26,'Gradient condition'!N34,'Gradient condition'!N42,'Gradient condition'!N52,'Gradient condition'!N60,'Gradient condition'!N68,'Gradient condition'!N76,'Gradient condition'!N84,'Gradient condition'!N92,'Gradient condition'!N100,'Gradient condition'!N108,'Gradient condition'!N116) -> 9734 | I14: =H14*$B$1^2 -> 14270.367 | J14: =I14/I$13 -> 1.256081 | K14: =STDEV('Gradient condition'!N10,'Gradient condition'!N18,'Gradient condition'!N26,'Gradient condition'!N34,'Gradient condition'!N42,'Gradient condition'!N52,'Gradient condition'!N60,'Gradient condition'!N68,'Gradient condition'!N76,'Gradient condition'!N84,'Gradient condition'!N92,'Gradient condition'!N100,'Gradient condition'!N108,'Gradient condition'!N116)/SQRT(COUNT('Gradient condition'!N10,'Gradient condition'!N18,'Gradient condition'!N26,'Gradient condition'!N34,'Gradient condition'!N42,'Gradient condition'!N52,'Gradient condition'!N60,'Gradient condition'!N68,'Gradient condition'!N76,'Gradient condition'!N84,'Gradient condition'!N92,'Gradient condition'!N100,'Gradient condition'!N108,'Gradient condition'!N116))*B$1*B$1 -> 3575.9562
A15: 24 | B15: =AVERAGE('Gradient condition'!C11,'Gradient condition'!C19,'Gradient condition'!C27,'Gradient condition'!C35,'Gradient condition'!C43,'Gradient condition'!C53,'Gradient condition'!C61,'Gradient condition'!C69,'Gradient condition'!C77,'Gradient condition'!C85,'Gradient condition'!C93,'Gradient condition'!C101,'Gradient condition'!C109,'Gradient condition'!C117) -> 37498 | C15: =B15*$B$1^2 -> 54973.313 | D15: =C15/C$13 -> 2.0385283 | E15: =STDEV('Gradient condition'!C11,'Gradient condition'!C19,'Gradient condition'!C27,'Gradient condition'!C35,'Gradient condition'!C43,'Gradient condition'!C53,'Gradient condition'!C61,'Gradient condition'!C69,'Gradient condition'!C77,'Gradient condition'!C85,'Gradient condition'!C93,'Gradient condition'!C101,'Gradient condition'!C109,'Gradient condition'!C117)/SQRT(COUNT('Gradient condition'!C11,'Gradient condition'!C19,'Gradient condition'!C27,'Gradient condition'!C35,'Gradient condition'!C43,'Gradient condition'!C53,'Gradient condition'!C61,'Gradient condition'!C69,'Gradient condition'!C77,'Gradient condition'!C85,'Gradient condition'!C93,'Gradient condition'!C101,'Gradient condition'!C109,'Gradient condition'!C117))*B$1*B$1 -> 12006.67 | G15: 24 | H15: =AVERAGE('Gradient condition'!N11,'Gradient condition'!N19,'Gradient condition'!N27,'Gradient condition'!N35,'Gradient condition'!N43,'Gradient condition'!N53,'Gradient condition'!N61,'Gradient condition'!N69,'Gradient condition'!N77,'Gradient condition'!N85,'Gradient condition'!N93,'Gradient condition'!N101,'Gradient condition'!N109,'Gradient condition'!N117) -> 13394.769 | I15: =H15*$B$1^2 -> 19637.176 | J15: =I15/I$13 -> 1.7284688 | K15: =STDEV('Gradient condition'!N11,'Gradient condition'!N19,'Gradient condition'!N27,'Gradient condition'!N35,'Gradient condition'!N43,'Gradient condition'!N53,'Gradient condition'!N61,'Gradient condition'!N69,'Gradient condition'!N77,'Gradient condition'!N85,'Gradient condition'!N93,'Gradient condition'!N101,'Gradient condition'!N109,'Gradient condition'!N117)/SQRT(COUNT('Gradient condition'!N11,'Gradient condition'!N19,'Gradient condition'!N27,'Gradient condition'!N35,'Gradient condition'!N43,'Gradient condition'!N53,'Gradient condition'!N61,'Gradient condition'!N69,'Gradient condition'!N77,'Gradient condition'!N85,'Gradient condition'!N93,'Gradient condition'!N101,'Gradient condition'!N109,'Gradient condition'!N117))*B$1*B$1 -> 4571.2322
A16: 36 | B16: =AVERAGE('Gradient condition'!C12,'Gradient condition'!C20,'Gradient condition'!C28,'Gradient condition'!C36,'Gradient condition'!C44,'Gradient condition'!C54,'Gradient condition'!C62,'Gradient condition'!C70,'Gradient condition'!C78,'Gradient condition'!C86,'Gradient condition'!C94,'Gradient condition'!C102,'Gradient condition'!C110,'Gradient condition'!C118) -> 40104.786 | C16: =B16*$B$1^2 -> 58794.947 | D16: =C16/C$13 -> 2.1802427 | E16: =STDEV('Gradient condition'!C12,'Gradient condition'!C20,'Gradient condition'!C28,'Gradient condition'!C36,'Gradient condition'!C44,'Gradient condition'!C54,'Gradient condition'!C62,'Gradient condition'!C70,'Gradient condition'!C78,'Gradient condition'!C86,'Gradient condition'!C94,'Gradient condition'!C102,'Gradient condition'!C110,'Gradient condition'!C118)/SQRT(COUNT('Gradient condition'!C12,'Gradient condition'!C20,'Gradient condition'!C28,'Gradient condition'!C36,'Gradient condition'!C44,'Gradient condition'!C54,'Gradient condition'!C62,'Gradient condition'!C70,'Gradient condition'!C78,'Gradient condition'!C86,'Gradient condition'!C94,'Gradient condition'!C102,'Gradient condition'!C110,'Gradient condition'!C118))*B$1*B$1 -> 11326.634 | G16: 36 | H16: =AVERAGE('Gradient condition'!N12,'Gradient condition'!N20,'Gradient condition'!N28,'Gradient condition'!N36,'Gradient condition'!N44,'Gradient condition'!N54,'Gradient condition'!N62,'Gradient condition'!N70,'Gradient condition'!N78,'Gradient condition'!N86,'Gradient condition'!N94,'Gradient condition'!N102,'Gradient condition'!N110,'Gradient condition'!N118) -> 14012.214 | I16: =H16*$B$1^2 -> 20542.371 | J16: =I16/I$13 -> 1.8081443 | K16: =STDEV('Gradient condition'!N12,'Gradient condition'!N20,'Gradient condition'!N28,'Gradient condition'!N36,'Gradient condition'!N44,'Gradient condition'!N54,'Gradient condition'!N62,'Gradient condition'!N70,'Gradient condition'!N78,'Gradient condition'!N86,'Gradient condition'!N94,'Gradient condition'!N102,'Gradient condition'!N110,'Gradient condition'!N118)/SQRT(COUNT('Gradient condition'!N12,'Gradient condition'!N20,'Gradient condition'!N28,'Gradient condition'!N36,'Gradient condition'!N44,'Gradient condition'!N54,'Gradient condition'!N62,'Gradient condition'!N70,'Gradient condition'!N78,'Gradient condition'!N86,'Gradient condition'!N94,'Gradient condition'!N102,'Gradient condition'!N110,'Gradient condition'!N118))*B$1*B$1 -> 4047.4518
A17: 48 | B17: =AVERAGE('Gradient condition'!C13,'Gradient condition'!C21,'Gradient condition'!C29,'Gradient condition'!C37,'Gradient condition'!C45,'Gradient condition'!C55,'Gradient condition'!C63,'Gradient condition'!C71,'Gradient condition'!C79,'Gradient condition'!C87,'Gradient condition'!C95,'Gradient condition'!C103,'Gradient condition'!C111,'Gradient condition'!C119) -> 41001.286 | C17: =B17*$B$1^2 -> 60109.246 | D17: =C17/C$13 -> 2.2289797 | E17: =STDEV('Gradient condition'!C13,'Gradient condition'!C21,'Gradient condition'!C29,'Gradient condition'!C37,'Gradient condition'!C45,'Gradient condition'!C55,'Gradient condition'!C63,'Gradient condition'!C71,'Gradient condition'!C79,'Gradient condition'!C87,'Gradient condition'!C95,'Gradient condition'!C103,'Gradient condition'!C111,'Gradient condition'!C119)/SQRT(COUNT('Gradient condition'!C13,'Gradient condition'!C21,'Gradient condition'!C29,'Gradient condition'!C37,'Gradient condition'!C45,'Gradient condition'!C55,'Gradient condition'!C63,'Gradient condition'!C71,'Gradient condition'!C79,'Gradient condition'!C87,'Gradient condition'!C95,'Gradient condition'!C103,'Gradient condition'!C111,'Gradient condition'!C119))*B$1*B$1 -> 11561.296 | G17: 48 | H17: =AVERAGE('Gradient condition'!N13,'Gradient condition'!N21,'Gradient condition'!N29,'Gradient condition'!N37,'Gradient condition'!N45,'Gradient condition'!N55,'Gradient condition'!N63,'Gradient condition'!N71,'Gradient condition'!N79,'Gradient condition'!N87,'Gradient condition'!N95,'Gradient condition'!N103,'Gradient condition'!N111,'Gradient condition'!N119) -> 13546.786 | I17: =H17*$B$1^2 -> 19860.038 | J17: =I17/I$13 -> 1.7480851 | K17: =STDEV('Gradient condition'!N13,'Gradient condition'!N21,'Gradient condition'!N29,'Gradient condition'!N37,'Gradient condition'!N45,'Gradient condition'!N55,'Gradient condition'!N63,'Gradient condition'!N71,'Gradient condition'!N79,'Gradient condition'!N87,'Gradient condition'!N95,'Gradient condition'!N103,'Gradient condition'!N111,'Gradient condition'!N119)/SQRT(COUNT('Gradient condition'!N13,'Gradient condition'!N21,'Gradient condition'!N29,'Gradient condition'!N37,'Gradient condition'!N45,'Gradient condition'!N55,'Gradient condition'!N63,'Gradient condition'!N71,'Gradient condition'!N79,'Gradient condition'!N87,'Gradient condition'!N95,'Gradient condition'!N103,'Gradient condition'!N111,'Gradient condition'!N119))*B$1*B$1 -> 3603.9254
